stimulus_index,stimulus,input_time_ms,input_index,key_symbol,transcribed_string
0,Tapahtuiko tuo?,0,0,Shift_L,Tapahtuiko tuo?
0,Tapahtuiko tuo?,187,1,T,Tapahtuiko tuo?
0,Tapahtuiko tuo?,312,2,a,Tapahtuiko tuo?
0,Tapahtuiko tuo?,562,3,p,Tapahtuiko tuo?
0,Tapahtuiko tuo?,749,4,a,Tapahtuiko tuo?
0,Tapahtuiko tuo?,843,5,h,Tapahtuiko tuo?
0,Tapahtuiko tuo?,1061,6,t,Tapahtuiko tuo?
0,Tapahtuiko tuo?,1186,7,u,Tapahtuiko tuo?
0,Tapahtuiko tuo?,1279,8,i,Tapahtuiko tuo?
0,Tapahtuiko tuo?,1529,9,k,Tapahtuiko tuo?
0,Tapahtuiko tuo?,1623,10,o,Tapahtuiko tuo?
0,Tapahtuiko tuo?,1746,11,space,Tapahtuiko tuo?
0,Tapahtuiko tuo?,1935,12,t,Tapahtuiko tuo?
0,Tapahtuiko tuo?,2153,13,u,Tapahtuiko tuo?
0,Tapahtuiko tuo?,2215,14,o,Tapahtuiko tuo?
0,Tapahtuiko tuo?,2715,15,Shift_L,Tapahtuiko tuo?
0,Tapahtuiko tuo?,2838,16,question,Tapahtuiko tuo?
1,Tämä näyttää hyvältä.,0,0,Shift_L,Tämä näyttää hyvältä.
1,Tämä näyttää hyvältä.,187,1,T,Tämä näyttää hyvältä.
1,Tämä näyttää hyvältä.,375,2,adiaeresis,Tämä näyttää hyvältä.
1,Tämä näyttää hyvältä.,562,3,m,Tämä näyttää hyvältä.
1,Tämä näyttää hyvältä.,687,4,adiaeresis,Tämä näyttää hyvältä.
1,Tämä näyttää hyvältä.,904,5,space,Tämä näyttää hyvältä.
1,Tämä näyttää hyvältä.,1092,6,n,Tämä näyttää hyvältä.
1,Tämä näyttää hyvältä.,1217,7,adiaeresis,Tämä näyttää hyvältä.
1,Tämä näyttää hyvältä.,1404,8,y,Tämä näyttää hyvältä.
1,Tämä näyttää hyvältä.,1591,9,t,Tämä näyttää hyvältä.
1,Tämä näyttää hyvältä.,1746,10,t,Tämä näyttää hyvältä.
1,Tämä näyttää hyvältä.,2091,11,quoteright,Tämä näyttää hyvältä.
1,Tämä näyttää hyvältä.,2309,12,quoteright,Tämä näyttää hyvältä.
1,Tämä näyttää hyvältä.,2871,13,BackSpace,Tämä näyttää hyvältä.
1,Tämä näyttää hyvältä.,2994,14,BackSpace,Tämä näyttää hyvältä.
1,Tämä näyttää hyvältä.,3775,15,adiaeresis,Tämä näyttää hyvältä.
1,Tämä näyttää hyvältä.,3963,16,adiaeresis,Tämä näyttää hyvältä.
1,Tämä näyttää hyvältä.,4305,17,space,Tämä näyttää hyvältä.
1,Tämä näyttää hyvältä.,4618,18,h,Tämä näyttää hyvältä.
1,Tämä näyttää hyvältä.,4805,19,y,Tämä näyttää hyvältä.
1,Tämä näyttää hyvältä.,4930,20,v,Tämä näyttää hyvältä.
1,Tämä näyttää hyvältä.,5055,21,adiaeresis,Tämä näyttää hyvältä.
1,Tämä näyttää hyvältä.,5273,22,l,Tämä näyttää hyvältä.
1,Tämä näyttää hyvältä.,5460,23,t,Tämä näyttää hyvältä.
1,Tämä näyttää hyvältä.,5710,24,adiaeresis,Tämä näyttää hyvältä.
1,Tämä näyttää hyvältä.,6052,25,period,Tämä näyttää hyvältä.
2,Luulen tämän olevan hyvä.,0,0,Shift_L,Luulen tämän olevan hyvä.
2,Luulen tämän olevan hyvä.,155,1,L,Luulen tämän olevan hyvä.
2,Luulen tämän olevan hyvä.,374,2,u,Luulen tämän olevan hyvä.
2,Luulen tämän olevan hyvä.,499,3,u,Luulen tämän olevan hyvä.
2,Luulen tämän olevan hyvä.,624,4,l,Luulen tämän olevan hyvä.
2,Luulen tämän olevan hyvä.,779,5,e,Luulen tämän olevan hyvä.
2,Luulen tämän olevan hyvä.,935,6,n,Luulen tämän olevan hyvä.
2,Luulen tämän olevan hyvä.,1092,7,space,Luulen tämän olevan hyvä.
2,Luulen tämän olevan hyvä.,1309,8,t,Luulen tämän olevan hyvä.
2,Luulen tämän olevan hyvä.,1496,9,adiaeresis,Luulen tämän olevan hyvä.
2,Luulen tämän olevan hyvä.,1684,10,m,Luulen tämän olevan hyvä.
2,Luulen tämän olevan hyvä.,1839,11,adiaeresis,Luulen tämän olevan hyvä.
2,Luulen tämän olevan hyvä.,2151,12,n,Luulen tämän olevan hyvä.
2,Luulen tämän olevan hyvä.,2401,13,space,Luulen tämän olevan hyvä.
2,Luulen tämän olevan hyvä.,2619,14,o,Luulen tämän olevan hyvä.
2,Luulen tämän olevan hyvä.,2808,15,l,Luulen tämän olevan hyvä.
2,Luulen tämän olevan hyvä.,2901,16,e,Luulen tämän olevan hyvä.
2,Luulen tämän olevan hyvä.,3119,17,v,Luulen tämän olevan hyvä.
2,Luulen tämän olevan hyvä.,3213,18,a,Luulen tämän olevan hyvä.
2,Luulen tämän olevan hyvä.,3368,19,n,Luulen tämän olevan hyvä.
2,Luulen tämän olevan hyvä.,3525,20,space,Luulen tämän olevan hyvä.
2,Luulen tämän olevan hyvä.,3711,21,h,Luulen tämän olevan hyvä.
2,Luulen tämän olevan hyvä.,3900,22,y,Luulen tämän olevan hyvä.
2,Luulen tämän olevan hyvä.,4086,23,v,Luulen tämän olevan hyvä.
2,Luulen tämän olevan hyvä.,4086,24,b,Luulen tämän olevan hyvä.
2,Luulen tämän olevan hyvä.,4243,25,adiaeresis,Luulen tämän olevan hyvä.
2,Luulen tämän olevan hyvä.,4585,26,BackSpace,Luulen tämän olevan hyvä.
2,Luulen tämän olevan hyvä.,4741,27,BackSpace,Luulen tämän olevan hyvä.
2,Luulen tämän olevan hyvä.,5397,28,adiaeresis,Luulen tämän olevan hyvä.
2,Luulen tämän olevan hyvä.,5865,29,period,Luulen tämän olevan hyvä.
3,Kävelen juuri sisään.,0,0,Shift_L,Kävelen juuri sisään.
3,Kävelen juuri sisään.,187,1,K,Kävelen juuri sisään.
3,Kävelen juuri sisään.,312,2,adiaeresis,Kävelen juuri sisään.
3,Kävelen juuri sisään.,435,3,v,Kävelen juuri sisään.
3,Kävelen juuri sisään.,592,4,e,Kävelen juuri sisään.
3,Kävelen juuri sisään.,747,5,l,Kävelen juuri sisään.
3,Kävelen juuri sisään.,967,6,e,Kävelen juuri sisään.
3,Kävelen juuri sisään.,1092,7,n,Kävelen juuri sisään.
3,Kävelen juuri sisään.,1247,8,space,Kävelen juuri sisään.
3,Kävelen juuri sisään.,1434,9,j,Kävelen juuri sisään.
3,Kävelen juuri sisään.,1559,10,u,Kävelen juuri sisään.
3,Kävelen juuri sisään.,1715,11,u,Kävelen juuri sisään.
3,Kävelen juuri sisään.,1839,12,r,Kävelen juuri sisään.
3,Kävelen juuri sisään.,2027,13,i,Kävelen juuri sisään.
3,Kävelen juuri sisään.,2151,14,space,Kävelen juuri sisään.
3,Kävelen juuri sisään.,2307,15,s,Kävelen juuri sisään.
3,Kävelen juuri sisään.,2432,16,i,Kävelen juuri sisään.
3,Kävelen juuri sisään.,2682,17,adiaeresis,Kävelen juuri sisään.
3,Kävelen juuri sisään.,3026,18,BackSpace,Kävelen juuri sisään.
3,Kävelen juuri sisään.,3212,19,s,Kävelen juuri sisään.
3,Kävelen juuri sisään.,3493,20,adiaeresis,Kävelen juuri sisään.
3,Kävelen juuri sisään.,3680,21,adiaeresis,Kävelen juuri sisään.
3,Kävelen juuri sisään.,3899,22,n,Kävelen juuri sisään.
3,Kävelen juuri sisään.,4243,23,period,Kävelen juuri sisään.
4,Ymmärsitkö sinä tämän?,0,0,Shift_L,Ymmärsitkö sinä tämän?
4,Ymmärsitkö sinä tämän?,187,1,Y,Ymmärsitkö sinä tämän?
4,Ymmärsitkö sinä tämän?,405,2,m,Ymmärsitkö sinä tämän?
4,Ymmärsitkö sinä tämän?,529,3,m,Ymmärsitkö sinä tämän?
4,Ymmärsitkö sinä tämän?,717,4,r,Ymmärsitkö sinä tämän?
4,Ymmärsitkö sinä tämän?,874,5,adiaeresis,Ymmärsitkö sinä tämän?
4,Ymmärsitkö sinä tämän?,1342,6,BackSpace,Ymmärsitkö sinä tämän?
4,Ymmärsitkö sinä tämän?,1497,7,BackSpace,Ymmärsitkö sinä tämän?
4,Ymmärsitkö sinä tämän?,2027,8,adiaeresis,Ymmärsitkö sinä tämän?
4,Ymmärsitkö sinä tämän?,2152,9,r,Ymmärsitkö sinä tämän?
4,Ymmärsitkö sinä tämän?,2651,10,BackSpace,Ymmärsitkö sinä tämän?
4,Ymmärsitkö sinä tämän?,3088,11,r,Ymmärsitkö sinä tämän?
4,Ymmärsitkö sinä tämän?,3431,12,s,Ymmärsitkö sinä tämän?
4,Ymmärsitkö sinä tämän?,4180,13,i,Ymmärsitkö sinä tämän?
4,Ymmärsitkö sinä tämän?,4336,14,t,Ymmärsitkö sinä tämän?
4,Ymmärsitkö sinä tämän?,4585,15,k,Ymmärsitkö sinä tämän?
4,Ymmärsitkö sinä tämän?,4773,16,odiaeresis,Ymmärsitkö sinä tämän?
4,Ymmärsitkö sinä tämän?,4960,17,space,Ymmärsitkö sinä tämän?
4,Ymmärsitkö sinä tämän?,5148,18,t,Ymmärsitkö sinä tämän?
4,Ymmärsitkö sinä tämän?,5585,19,BackSpace,Ymmärsitkö sinä tämän?
4,Ymmärsitkö sinä tämän?,5927,20,s,Ymmärsitkö sinä tämän?
4,Ymmärsitkö sinä tämän?,6677,21,i,Ymmärsitkö sinä tämän?
4,Ymmärsitkö sinä tämän?,6802,22,n,Ymmärsitkö sinä tämän?
4,Ymmärsitkö sinä tämän?,7019,23,adiaeresis,Ymmärsitkö sinä tämän?
4,Ymmärsitkö sinä tämän?,7207,24,space,Ymmärsitkö sinä tämän?
4,Ymmärsitkö sinä tämän?,7394,25,t,Ymmärsitkö sinä tämän?
4,Ymmärsitkö sinä tämän?,7487,26,adiaeresis,Ymmärsitkö sinä tämän?
4,Ymmärsitkö sinä tämän?,7706,27,m,Ymmärsitkö sinä tämän?
4,Ymmärsitkö sinä tämän?,7861,28,adiaeresis,Ymmärsitkö sinä tämän?
4,Ymmärsitkö sinä tämän?,8081,29,n,Ymmärsitkö sinä tämän?
4,Ymmärsitkö sinä tämän?,8361,30,Shift_L,Ymmärsitkö sinä tämän?
4,Ymmärsitkö sinä tämän?,8579,31,question,Ymmärsitkö sinä tämän?
5,Olen tulossa.,0,0,Shift_L,Olen tulossa.
5,Olen tulossa.,156,1,O,Olen tulossa.
5,Olen tulossa.,342,2,l,Olen tulossa.
5,Olen tulossa.,404,3,e,Olen tulossa.
5,Olen tulossa.,624,4,n,Olen tulossa.
5,Olen tulossa.,686,5,space,Olen tulossa.
5,Olen tulossa.,842,6,t,Olen tulossa.
5,Olen tulossa.,998,7,u,Olen tulossa.
5,Olen tulossa.,1184,8,l,Olen tulossa.
5,Olen tulossa.,1434,9,o,Olen tulossa.
5,Olen tulossa.,1591,10,s,Olen tulossa.
5,Olen tulossa.,1778,11,s,Olen tulossa.
5,Olen tulossa.,1871,12,a,Olen tulossa.
5,Olen tulossa.,2028,13,period,Olen tulossa.
6,Meidän täytyy jutella tästä kuukaudesta.,0,0,Shift_L,Meidän täytyy jutella tästä kuukaudesta.
6,Meidän täytyy jutella tästä kuukaudesta.,217,1,M,Meidän täytyy jutella tästä kuukaudesta.
6,Meidän täytyy jutella tästä kuukaudesta.,374,2,e,Meidän täytyy jutella tästä kuukaudesta.
6,Meidän täytyy jutella tästä kuukaudesta.,624,3,d,Meidän täytyy jutella tästä kuukaudesta.
6,Meidän täytyy jutella tästä kuukaudesta.,967,4,i,Meidän täytyy jutella tästä kuukaudesta.
6,Meidän täytyy jutella tästä kuukaudesta.,1217,5,BackSpace,Meidän täytyy jutella tästä kuukaudesta.
6,Meidän täytyy jutella tästä kuukaudesta.,1373,6,BackSpace,Meidän täytyy jutella tästä kuukaudesta.
6,Meidän täytyy jutella tästä kuukaudesta.,1559,7,o,Meidän täytyy jutella tästä kuukaudesta.
6,Meidän täytyy jutella tästä kuukaudesta.,1716,8,d,Meidän täytyy jutella tästä kuukaudesta.
6,Meidän täytyy jutella tästä kuukaudesta.,2059,9,BackSpace,Meidän täytyy jutella tästä kuukaudesta.
6,Meidän täytyy jutella tästä kuukaudesta.,2215,10,BackSpace,Meidän täytyy jutella tästä kuukaudesta.
6,Meidän täytyy jutella tästä kuukaudesta.,2496,11,i,Meidän täytyy jutella tästä kuukaudesta.
6,Meidän täytyy jutella tästä kuukaudesta.,2651,12,d,Meidän täytyy jutella tästä kuukaudesta.
6,Meidän täytyy jutella tästä kuukaudesta.,2776,13,adiaeresis,Meidän täytyy jutella tästä kuukaudesta.
6,Meidän täytyy jutella tästä kuukaudesta.,2995,14,n,Meidän täytyy jutella tästä kuukaudesta.
6,Meidän täytyy jutella tästä kuukaudesta.,3151,15,space,Meidän täytyy jutella tästä kuukaudesta.
6,Meidän täytyy jutella tästä kuukaudesta.,3245,16,t,Meidän täytyy jutella tästä kuukaudesta.
6,Meidän täytyy jutella tästä kuukaudesta.,3368,17,adiaeresis,Meidän täytyy jutella tästä kuukaudesta.
6,Meidän täytyy jutella tästä kuukaudesta.,3618,18,y,Meidän täytyy jutella tästä kuukaudesta.
6,Meidän täytyy jutella tästä kuukaudesta.,3805,19,t,Meidän täytyy jutella tästä kuukaudesta.
6,Meidän täytyy jutella tästä kuukaudesta.,3900,20,y,Meidän täytyy jutella tästä kuukaudesta.
6,Meidän täytyy jutella tästä kuukaudesta.,4055,21,y,Meidän täytyy jutella tästä kuukaudesta.
6,Meidän täytyy jutella tästä kuukaudesta.,4212,22,space,Meidän täytyy jutella tästä kuukaudesta.
6,Meidän täytyy jutella tästä kuukaudesta.,4430,23,j,Meidän täytyy jutella tästä kuukaudesta.
6,Meidän täytyy jutella tästä kuukaudesta.,4585,24,u,Meidän täytyy jutella tästä kuukaudesta.
6,Meidän täytyy jutella tästä kuukaudesta.,4742,25,t,Meidän täytyy jutella tästä kuukaudesta.
6,Meidän täytyy jutella tästä kuukaudesta.,4835,26,e,Meidän täytyy jutella tästä kuukaudesta.
6,Meidän täytyy jutella tästä kuukaudesta.,4992,27,l,Meidän täytyy jutella tästä kuukaudesta.
6,Meidän täytyy jutella tästä kuukaudesta.,5429,28,l,Meidän täytyy jutella tästä kuukaudesta.
6,Meidän täytyy jutella tästä kuukaudesta.,5615,29,a,Meidän täytyy jutella tästä kuukaudesta.
6,Meidän täytyy jutella tästä kuukaudesta.,5740,30,space,Meidän täytyy jutella tästä kuukaudesta.
6,Meidän täytyy jutella tästä kuukaudesta.,5897,31,t,Meidän täytyy jutella tästä kuukaudesta.
6,Meidän täytyy jutella tästä kuukaudesta.,5990,32,adiaeresis,Meidän täytyy jutella tästä kuukaudesta.
6,Meidän täytyy jutella tästä kuukaudesta.,6177,33,s,Meidän täytyy jutella tästä kuukaudesta.
6,Meidän täytyy jutella tästä kuukaudesta.,6365,34,t,Meidän täytyy jutella tästä kuukaudesta.
6,Meidän täytyy jutella tästä kuukaudesta.,6582,35,adiaeresis,Meidän täytyy jutella tästä kuukaudesta.
6,Meidän täytyy jutella tästä kuukaudesta.,6769,36,space,Meidän täytyy jutella tästä kuukaudesta.
6,Meidän täytyy jutella tästä kuukaudesta.,6957,37,k,Meidän täytyy jutella tästä kuukaudesta.
6,Meidän täytyy jutella tästä kuukaudesta.,7144,38,u,Meidän täytyy jutella tästä kuukaudesta.
6,Meidän täytyy jutella tästä kuukaudesta.,7301,39,u,Meidän täytyy jutella tästä kuukaudesta.
6,Meidän täytyy jutella tästä kuukaudesta.,7581,40,k,Meidän täytyy jutella tästä kuukaudesta.
6,Meidän täytyy jutella tästä kuukaudesta.,7831,41,a,Meidän täytyy jutella tästä kuukaudesta.
6,Meidän täytyy jutella tästä kuukaudesta.,7956,42,u,Meidän täytyy jutella tästä kuukaudesta.
6,Meidän täytyy jutella tästä kuukaudesta.,8205,43,d,Meidän täytyy jutella tästä kuukaudesta.
6,Meidän täytyy jutella tästä kuukaudesta.,8268,44,e,Meidän täytyy jutella tästä kuukaudesta.
6,Meidän täytyy jutella tästä kuukaudesta.,8424,45,s,Meidän täytyy jutella tästä kuukaudesta.
6,Meidän täytyy jutella tästä kuukaudesta.,8798,46,t,Meidän täytyy jutella tästä kuukaudesta.
6,Meidän täytyy jutella tästä kuukaudesta.,8891,47,a,Meidän täytyy jutella tästä kuukaudesta.
6,Meidän täytyy jutella tästä kuukaudesta.,9391,48,period,Meidän täytyy jutella tästä kuukaudesta.
7,Kuinka niin?,0,0,Shift_L,Kuinka niin?
7,Kuinka niin?,187,1,K,Kuinka niin?
7,Kuinka niin?,437,2,u,Kuinka niin?
7,Kuinka niin?,561,3,i,Kuinka niin?
7,Kuinka niin?,717,4,n,Kuinka niin?
7,Kuinka niin?,842,5,k,Kuinka niin?
7,Kuinka niin?,967,6,a,Kuinka niin?
7,Kuinka niin?,1061,7,space,Kuinka niin?
7,Kuinka niin?,1217,8,n,Kuinka niin?
7,Kuinka niin?,1309,9,i,Kuinka niin?
7,Kuinka niin?,1496,10,i,Kuinka niin?
7,Kuinka niin?,1621,11,n,Kuinka niin?
7,Kuinka niin?,1964,12,Shift_L,Kuinka niin?
7,Kuinka niin?,2121,13,question,Kuinka niin?
8,Toivottavasti teille kuuluu hyvää.,0,0,Shift_L,Toivottavasti teille kuuluu hyvää.
8,Toivottavasti teille kuuluu hyvää.,155,1,T,Toivottavasti teille kuuluu hyvää.
8,Toivottavasti teille kuuluu hyvää.,342,2,o,Toivottavasti teille kuuluu hyvää.
8,Toivottavasti teille kuuluu hyvää.,435,3,i,Toivottavasti teille kuuluu hyvää.
8,Toivottavasti teille kuuluu hyvää.,560,4,v,Toivottavasti teille kuuluu hyvää.
8,Toivottavasti teille kuuluu hyvää.,685,5,o,Toivottavasti teille kuuluu hyvää.
8,Toivottavasti teille kuuluu hyvää.,810,6,t,Toivottavasti teille kuuluu hyvää.
8,Toivottavasti teille kuuluu hyvää.,997,7,t,Toivottavasti teille kuuluu hyvää.
8,Toivottavasti teille kuuluu hyvää.,1091,8,a,Toivottavasti teille kuuluu hyvää.
8,Toivottavasti teille kuuluu hyvää.,1371,9,v,Toivottavasti teille kuuluu hyvää.
8,Toivottavasti teille kuuluu hyvää.,1403,10,a,Toivottavasti teille kuuluu hyvää.
8,Toivottavasti teille kuuluu hyvää.,1652,11,s,Toivottavasti teille kuuluu hyvää.
8,Toivottavasti teille kuuluu hyvää.,1839,12,t,Toivottavasti teille kuuluu hyvää.
8,Toivottavasti teille kuuluu hyvää.,2058,13,i,Toivottavasti teille kuuluu hyvää.
8,Toivottavasti teille kuuluu hyvää.,2183,14,space,Toivottavasti teille kuuluu hyvää.
8,Toivottavasti teille kuuluu hyvää.,2307,15,t,Toivottavasti teille kuuluu hyvää.
8,Toivottavasti teille kuuluu hyvää.,2432,16,e,Toivottavasti teille kuuluu hyvää.
8,Toivottavasti teille kuuluu hyvää.,2526,17,i,Toivottavasti teille kuuluu hyvää.
8,Toivottavasti teille kuuluu hyvää.,2651,18,l,Toivottavasti teille kuuluu hyvää.
8,Toivottavasti teille kuuluu hyvää.,2807,19,l,Toivottavasti teille kuuluu hyvää.
8,Toivottavasti teille kuuluu hyvää.,2931,20,e,Toivottavasti teille kuuluu hyvää.
8,Toivottavasti teille kuuluu hyvää.,2994,21,space,Toivottavasti teille kuuluu hyvää.
8,Toivottavasti teille kuuluu hyvää.,3150,22,k,Toivottavasti teille kuuluu hyvää.
8,Toivottavasti teille kuuluu hyvää.,3337,23,u,Toivottavasti teille kuuluu hyvää.
8,Toivottavasti teille kuuluu hyvää.,3524,24,u,Toivottavasti teille kuuluu hyvää.
8,Toivottavasti teille kuuluu hyvää.,3774,25,l,Toivottavasti teille kuuluu hyvää.
8,Toivottavasti teille kuuluu hyvää.,3899,26,u,Toivottavasti teille kuuluu hyvää.
8,Toivottavasti teille kuuluu hyvää.,4086,27,u,Toivottavasti teille kuuluu hyvää.
8,Toivottavasti teille kuuluu hyvää.,4429,28,space,Toivottavasti teille kuuluu hyvää.
8,Toivottavasti teille kuuluu hyvää.,4585,29,h,Toivottavasti teille kuuluu hyvää.
8,Toivottavasti teille kuuluu hyvää.,4803,30,y,Toivottavasti teille kuuluu hyvää.
8,Toivottavasti teille kuuluu hyvää.,4928,31,v,Toivottavasti teille kuuluu hyvää.
8,Toivottavasti teille kuuluu hyvää.,5053,32,adiaeresis,Toivottavasti teille kuuluu hyvää.
8,Toivottavasti teille kuuluu hyvää.,5271,33,adiaeresis,Toivottavasti teille kuuluu hyvää.
8,Toivottavasti teille kuuluu hyvää.,5739,34,period,Toivottavasti teille kuuluu hyvää.
9,"Soita huomenna, jos pystyt.",0,0,Shift_L,"Soita huomenna, jos pystyt."
9,"Soita huomenna, jos pystyt.",249,1,S,"Soita huomenna, jos pystyt."
9,"Soita huomenna, jos pystyt.",499,2,o,"Soita huomenna, jos pystyt."
9,"Soita huomenna, jos pystyt.",593,3,i,"Soita huomenna, jos pystyt."
9,"Soita huomenna, jos pystyt.",655,4,t,"Soita huomenna, jos pystyt."
9,"Soita huomenna, jos pystyt.",780,5,a,"Soita huomenna, jos pystyt."
9,"Soita huomenna, jos pystyt.",967,6,space,"Soita huomenna, jos pystyt."
9,"Soita huomenna, jos pystyt.",1154,7,h,"Soita huomenna, jos pystyt."
9,"Soita huomenna, jos pystyt.",1248,8,u,"Soita huomenna, jos pystyt."
9,"Soita huomenna, jos pystyt.",1341,9,o,"Soita huomenna, jos pystyt."
9,"Soita huomenna, jos pystyt.",1529,10,m,"Soita huomenna, jos pystyt."
9,"Soita huomenna, jos pystyt.",1591,11,e,"Soita huomenna, jos pystyt."
9,"Soita huomenna, jos pystyt.",1747,12,n,"Soita huomenna, jos pystyt."
9,"Soita huomenna, jos pystyt.",1903,13,n,"Soita huomenna, jos pystyt."
9,"Soita huomenna, jos pystyt.",2028,14,a,"Soita huomenna, jos pystyt."
9,"Soita huomenna, jos pystyt.",2121,15,comma,"Soita huomenna, jos pystyt."
9,"Soita huomenna, jos pystyt.",2215,16,space,"Soita huomenna, jos pystyt."
9,"Soita huomenna, jos pystyt.",2433,17,j,"Soita huomenna, jos pystyt."
9,"Soita huomenna, jos pystyt.",2496,18,o,"Soita huomenna, jos pystyt."
9,"Soita huomenna, jos pystyt.",2621,19,s,"Soita huomenna, jos pystyt."
9,"Soita huomenna, jos pystyt.",2777,20,a,"Soita huomenna, jos pystyt."
9,"Soita huomenna, jos pystyt.",3026,21,space,"Soita huomenna, jos pystyt."
9,"Soita huomenna, jos pystyt.",3369,22,BackSpace,"Soita huomenna, jos pystyt."
9,"Soita huomenna, jos pystyt.",3494,23,BackSpace,"Soita huomenna, jos pystyt."
9,"Soita huomenna, jos pystyt.",3713,24,space,"Soita huomenna, jos pystyt."
9,"Soita huomenna, jos pystyt.",3869,25,p,"Soita huomenna, jos pystyt."
9,"Soita huomenna, jos pystyt.",4118,26,y,"Soita huomenna, jos pystyt."
9,"Soita huomenna, jos pystyt.",4305,27,s,"Soita huomenna, jos pystyt."
9,"Soita huomenna, jos pystyt.",4493,28,t,"Soita huomenna, jos pystyt."
9,"Soita huomenna, jos pystyt.",4867,29,y,"Soita huomenna, jos pystyt."
9,"Soita huomenna, jos pystyt.",5210,30,t,"Soita huomenna, jos pystyt."
9,"Soita huomenna, jos pystyt.",5553,31,period,"Soita huomenna, jos pystyt."
10,Voitko auttaa minua?,0,0,Shift_L,Voitko auttaa minua?
10,Voitko auttaa minua?,217,1,V,Voitko auttaa minua?
10,Voitko auttaa minua?,623,2,o,Voitko auttaa minua?
10,Voitko auttaa minua?,717,3,i,Voitko auttaa minua?
10,Voitko auttaa minua?,967,4,t,Voitko auttaa minua?
10,Voitko auttaa minua?,1184,5,k,Voitko auttaa minua?
10,Voitko auttaa minua?,1184,6,l,Voitko auttaa minua?
10,Voitko auttaa minua?,1309,7,p,Voitko auttaa minua?
10,Voitko auttaa minua?,1621,8,BackSpace,Voitko auttaa minua?
10,Voitko auttaa minua?,1746,9,BackSpace,Voitko auttaa minua?
10,Voitko auttaa minua?,1996,10,o,Voitko auttaa minua?
10,Voitko auttaa minua?,1996,11,p,Voitko auttaa minua?
10,Voitko auttaa minua?,2495,12,BackSpace,Voitko auttaa minua?
10,Voitko auttaa minua?,2932,13,space,Voitko auttaa minua?
10,Voitko auttaa minua?,3712,14,a,Voitko auttaa minua?
10,Voitko auttaa minua?,3868,15,u,Voitko auttaa minua?
10,Voitko auttaa minua?,4024,16,t,Voitko auttaa minua?
10,Voitko auttaa minua?,4180,17,t,Voitko auttaa minua?
10,Voitko auttaa minua?,4273,18,a,Voitko auttaa minua?
10,Voitko auttaa minua?,4493,19,a,Voitko auttaa minua?
10,Voitko auttaa minua?,4648,20,space,Voitko auttaa minua?
10,Voitko auttaa minua?,4835,21,m,Voitko auttaa minua?
10,Voitko auttaa minua?,4991,22,i,Voitko auttaa minua?
10,Voitko auttaa minua?,5210,23,n,Voitko auttaa minua?
10,Voitko auttaa minua?,5273,24,u,Voitko auttaa minua?
10,Voitko auttaa minua?,5460,25,a,Voitko auttaa minua?
10,Voitko auttaa minua?,5802,26,Shift_L,Voitko auttaa minua?
10,Voitko auttaa minua?,6052,27,question,Voitko auttaa minua?
11,"Kiitos, hyvää työtä.",0,0,Shift_L,"Kiitos, hyvää työtä."
11,"Kiitos, hyvää työtä.",125,1,K,"Kiitos, hyvää työtä."
11,"Kiitos, hyvää työtä.",405,2,i,"Kiitos, hyvää työtä."
11,"Kiitos, hyvää työtä.",561,3,i,"Kiitos, hyvää työtä."
11,"Kiitos, hyvää työtä.",717,4,t,"Kiitos, hyvää työtä."
11,"Kiitos, hyvää työtä.",842,5,o,"Kiitos, hyvää työtä."
11,"Kiitos, hyvää työtä.",967,6,s,"Kiitos, hyvää työtä."
11,"Kiitos, hyvää työtä.",1122,7,comma,"Kiitos, hyvää työtä."
11,"Kiitos, hyvää työtä.",1247,8,space,"Kiitos, hyvää työtä."
11,"Kiitos, hyvää työtä.",1528,9,h,"Kiitos, hyvää työtä."
11,"Kiitos, hyvää työtä.",1684,10,y,"Kiitos, hyvää työtä."
11,"Kiitos, hyvää työtä.",1809,11,v,"Kiitos, hyvää työtä."
11,"Kiitos, hyvää työtä.",2121,12,adiaeresis,"Kiitos, hyvää työtä."
11,"Kiitos, hyvää työtä.",2434,13,adiaeresis,"Kiitos, hyvää työtä."
11,"Kiitos, hyvää työtä.",2713,14,space,"Kiitos, hyvää työtä."
11,"Kiitos, hyvää työtä.",2869,15,t,"Kiitos, hyvää työtä."
11,"Kiitos, hyvää työtä.",3025,16,y,"Kiitos, hyvää työtä."
11,"Kiitos, hyvää työtä.",3275,17,l,"Kiitos, hyvää työtä."
11,"Kiitos, hyvää työtä.",3649,18,adiaeresis,"Kiitos, hyvää työtä."
11,"Kiitos, hyvää työtä.",3899,19,BackSpace,"Kiitos, hyvää työtä."
11,"Kiitos, hyvää työtä.",4024,20,BackSpace,"Kiitos, hyvää työtä."
11,"Kiitos, hyvää työtä.",4554,21,odiaeresis,"Kiitos, hyvää työtä."
11,"Kiitos, hyvää työtä.",4804,22,t,"Kiitos, hyvää työtä."
11,"Kiitos, hyvää työtä.",4991,23,adiaeresis,"Kiitos, hyvää työtä."
11,"Kiitos, hyvää työtä.",5365,24,period,"Kiitos, hyvää työtä."
11,"Kiitos, hyvää työtä.",5398,25,minus,"Kiitos, hyvää työtä."
11,"Kiitos, hyvää työtä.",6021,26,BackSpace,"Kiitos, hyvää työtä."
12,Toivon että voit jo paremmin.,0,0,Shift_L,Toivon että voit jo paremmin.
12,Toivon että voit jo paremmin.,187,1,T,Toivon että voit jo paremmin.
12,Toivon että voit jo paremmin.,404,2,o,Toivon että voit jo paremmin.
12,Toivon että voit jo paremmin.,498,3,i,Toivon että voit jo paremmin.
12,Toivon että voit jo paremmin.,623,4,v,Toivon että voit jo paremmin.
12,Toivon että voit jo paremmin.,810,5,o,Toivon että voit jo paremmin.
12,Toivon että voit jo paremmin.,1060,6,t,Toivon että voit jo paremmin.
12,Toivon että voit jo paremmin.,1434,7,BackSpace,Toivon että voit jo paremmin.
12,Toivon että voit jo paremmin.,2089,8,space,Toivon että voit jo paremmin.
12,Toivon että voit jo paremmin.,2401,9,BackSpace,Toivon että voit jo paremmin.
12,Toivon että voit jo paremmin.,2651,10,n,Toivon että voit jo paremmin.
12,Toivon että voit jo paremmin.,2838,11,space,Toivon että voit jo paremmin.
12,Toivon että voit jo paremmin.,2963,12,e,Toivon että voit jo paremmin.
12,Toivon että voit jo paremmin.,3119,13,t,Toivon että voit jo paremmin.
12,Toivon että voit jo paremmin.,3306,14,t,Toivon että voit jo paremmin.
12,Toivon että voit jo paremmin.,3462,15,adiaeresis,Toivon että voit jo paremmin.
12,Toivon että voit jo paremmin.,3618,16,space,Toivon että voit jo paremmin.
12,Toivon että voit jo paremmin.,3961,17,v,Toivon että voit jo paremmin.
12,Toivon että voit jo paremmin.,4211,18,o,Toivon että voit jo paremmin.
12,Toivon että voit jo paremmin.,4305,19,i,Toivon että voit jo paremmin.
12,Toivon että voit jo paremmin.,4429,20,t,Toivon että voit jo paremmin.
12,Toivon että voit jo paremmin.,4618,21,space,Toivon että voit jo paremmin.
12,Toivon että voit jo paremmin.,4866,22,j,Toivon että voit jo paremmin.
12,Toivon että voit jo paremmin.,4960,23,o,Toivon että voit jo paremmin.
12,Toivon että voit jo paremmin.,5116,24,space,Toivon että voit jo paremmin.
12,Toivon että voit jo paremmin.,5490,25,r,Toivon että voit jo paremmin.
12,Toivon että voit jo paremmin.,5646,26,a,Toivon että voit jo paremmin.
12,Toivon että voit jo paremmin.,6115,27,BackSpace,Toivon että voit jo paremmin.
12,Toivon että voit jo paremmin.,6270,28,BackSpace,Toivon että voit jo paremmin.
12,Toivon että voit jo paremmin.,6490,29,p,Toivon että voit jo paremmin.
12,Toivon että voit jo paremmin.,6645,30,a,Toivon että voit jo paremmin.
12,Toivon että voit jo paremmin.,6863,31,r,Toivon että voit jo paremmin.
12,Toivon että voit jo paremmin.,6988,32,e,Toivon että voit jo paremmin.
12,Toivon että voit jo paremmin.,7113,33,m,Toivon että voit jo paremmin.
12,Toivon että voit jo paremmin.,7237,34,m,Toivon että voit jo paremmin.
12,Toivon että voit jo paremmin.,7457,35,i,Toivon että voit jo paremmin.
12,Toivon että voit jo paremmin.,7612,36,n,Toivon että voit jo paremmin.
12,Toivon että voit jo paremmin.,7830,37,period,Toivon että voit jo paremmin.
13,Kiitos huolenpidostasi.,0,0,Shift_L,Kiitos huolenpidostasi.
13,Kiitos huolenpidostasi.,125,1,K,Kiitos huolenpidostasi.
13,Kiitos huolenpidostasi.,342,2,i,Kiitos huolenpidostasi.
13,Kiitos huolenpidostasi.,467,3,i,Kiitos huolenpidostasi.
13,Kiitos huolenpidostasi.,560,4,t,Kiitos huolenpidostasi.
13,Kiitos huolenpidostasi.,717,5,o,Kiitos huolenpidostasi.
13,Kiitos huolenpidostasi.,872,6,s,Kiitos huolenpidostasi.
13,Kiitos huolenpidostasi.,967,7,space,Kiitos huolenpidostasi.
13,Kiitos huolenpidostasi.,1184,8,h,Kiitos huolenpidostasi.
13,Kiitos huolenpidostasi.,1279,9,u,Kiitos huolenpidostasi.
13,Kiitos huolenpidostasi.,1372,10,o,Kiitos huolenpidostasi.
13,Kiitos huolenpidostasi.,1621,11,l,Kiitos huolenpidostasi.
13,Kiitos huolenpidostasi.,1746,12,e,Kiitos huolenpidostasi.
13,Kiitos huolenpidostasi.,1964,13,n,Kiitos huolenpidostasi.
13,Kiitos huolenpidostasi.,2246,14,p,Kiitos huolenpidostasi.
13,Kiitos huolenpidostasi.,2371,15,i,Kiitos huolenpidostasi.
13,Kiitos huolenpidostasi.,2588,16,d,Kiitos huolenpidostasi.
13,Kiitos huolenpidostasi.,2776,17,o,Kiitos huolenpidostasi.
13,Kiitos huolenpidostasi.,2932,18,s,Kiitos huolenpidostasi.
13,Kiitos huolenpidostasi.,3119,19,t,Kiitos huolenpidostasi.
13,Kiitos huolenpidostasi.,3338,20,a,Kiitos huolenpidostasi.
13,Kiitos huolenpidostasi.,3713,21,s,Kiitos huolenpidostasi.
13,Kiitos huolenpidostasi.,3868,22,i,Kiitos huolenpidostasi.
13,Kiitos huolenpidostasi.,4086,23,period,Kiitos huolenpidostasi.
14,Voin palata aikaisemmin.,0,0,Shift_L,Voin palata aikaisemmin.
14,Voin palata aikaisemmin.,187,1,V,Voin palata aikaisemmin.
14,Voin palata aikaisemmin.,592,2,o,Voin palata aikaisemmin.
14,Voin palata aikaisemmin.,654,3,i,Voin palata aikaisemmin.
14,Voin palata aikaisemmin.,998,4,n,Voin palata aikaisemmin.
14,Voin palata aikaisemmin.,1154,5,space,Voin palata aikaisemmin.
14,Voin palata aikaisemmin.,1310,6,p,Voin palata aikaisemmin.
14,Voin palata aikaisemmin.,1467,7,a,Voin palata aikaisemmin.
14,Voin palata aikaisemmin.,1590,8,l,Voin palata aikaisemmin.
14,Voin palata aikaisemmin.,1746,9,a,Voin palata aikaisemmin.
14,Voin palata aikaisemmin.,2059,10,t,Voin palata aikaisemmin.
14,Voin palata aikaisemmin.,2152,11,a,Voin palata aikaisemmin.
14,Voin palata aikaisemmin.,2402,12,space,Voin palata aikaisemmin.
14,Voin palata aikaisemmin.,2620,13,a,Voin palata aikaisemmin.
14,Voin palata aikaisemmin.,2745,14,i,Voin palata aikaisemmin.
14,Voin palata aikaisemmin.,2932,15,k,Voin palata aikaisemmin.
14,Voin palata aikaisemmin.,3026,16,a,Voin palata aikaisemmin.
14,Voin palata aikaisemmin.,3182,17,i,Voin palata aikaisemmin.
14,Voin palata aikaisemmin.,3338,18,s,Voin palata aikaisemmin.
14,Voin palata aikaisemmin.,3462,19,e,Voin palata aikaisemmin.
14,Voin palata aikaisemmin.,3618,20,m,Voin palata aikaisemmin.
14,Voin palata aikaisemmin.,3743,21,m,Voin palata aikaisemmin.
14,Voin palata aikaisemmin.,3962,22,i,Voin palata aikaisemmin.
14,Voin palata aikaisemmin.,4118,23,n,Voin palata aikaisemmin.
14,Voin palata aikaisemmin.,4305,24,period,Voin palata aikaisemmin.
15,Onneksi olkoon.,0,0,Shift_L,Onneksi olkoon.
15,Onneksi olkoon.,217,1,P,Onneksi olkoon.
15,Onneksi olkoon.,749,2,BackSpace,Onneksi olkoon.
15,Onneksi olkoon.,1217,3,Shift_L,Onneksi olkoon.
15,Onneksi olkoon.,1342,4,O,Onneksi olkoon.
15,Onneksi olkoon.,1529,5,n,Onneksi olkoon.
15,Onneksi olkoon.,1654,6,n,Onneksi olkoon.
15,Onneksi olkoon.,1778,7,e,Onneksi olkoon.
15,Onneksi olkoon.,1903,8,k,Onneksi olkoon.
15,Onneksi olkoon.,2028,9,s,Onneksi olkoon.
15,Onneksi olkoon.,2153,10,i,Onneksi olkoon.
15,Onneksi olkoon.,2278,11,space,Onneksi olkoon.
15,Onneksi olkoon.,2526,12,o,Onneksi olkoon.
15,Onneksi olkoon.,2746,13,l,Onneksi olkoon.
15,Onneksi olkoon.,2933,14,k,Onneksi olkoon.
15,Onneksi olkoon.,3120,15,o,Onneksi olkoon.
15,Onneksi olkoon.,3276,16,o,Onneksi olkoon.
15,Onneksi olkoon.,3493,17,n,Onneksi olkoon.
15,Onneksi olkoon.,3743,18,period,Onneksi olkoon.
16,Oletko paikalla tänään?,0,0,Shift_L,Oletko paikalla tänään?
16,Oletko paikalla tänään?,717,1,O,Oletko paikalla tänään?
16,Oletko paikalla tänään?,935,2,l,Oletko paikalla tänään?
16,Oletko paikalla tänään?,1029,3,e,Oletko paikalla tänään?
16,Oletko paikalla tänään?,1342,4,t,Oletko paikalla tänään?
16,Oletko paikalla tänään?,1622,5,k,Oletko paikalla tänään?
16,Oletko paikalla tänään?,1684,6,o,Oletko paikalla tänään?
16,Oletko paikalla tänään?,1871,7,space,Oletko paikalla tänään?
16,Oletko paikalla tänään?,2027,8,p,Oletko paikalla tänään?
16,Oletko paikalla tänään?,2121,9,a,Oletko paikalla tänään?
16,Oletko paikalla tänään?,2277,10,i,Oletko paikalla tänään?
16,Oletko paikalla tänään?,2464,11,k,Oletko paikalla tänään?
16,Oletko paikalla tänään?,2621,12,a,Oletko paikalla tänään?
16,Oletko paikalla tänään?,2746,13,l,Oletko paikalla tänään?
16,Oletko paikalla tänään?,2871,14,l,Oletko paikalla tänään?
16,Oletko paikalla tänään?,2994,15,a,Oletko paikalla tänään?
16,Oletko paikalla tänään?,3183,16,space,Oletko paikalla tänään?
16,Oletko paikalla tänään?,3526,17,t,Oletko paikalla tänään?
16,Oletko paikalla tänään?,3651,18,adiaeresis,Oletko paikalla tänään?
16,Oletko paikalla tänään?,3868,19,n,Oletko paikalla tänään?
16,Oletko paikalla tänään?,4055,20,adiaeresis,Oletko paikalla tänään?
16,Oletko paikalla tänään?,4243,21,adiaeresis,Oletko paikalla tänään?
16,Oletko paikalla tänään?,4430,22,n,Oletko paikalla tänään?
16,Oletko paikalla tänään?,4805,23,Shift_L,Oletko paikalla tänään?
16,Oletko paikalla tänään?,5148,24,question,Oletko paikalla tänään?
17,Minkälainen tunnelma?,0,0,Shift_L,Minkälainen tunnelma?
17,Minkälainen tunnelma?,62,1,M,Minkälainen tunnelma?
17,Minkälainen tunnelma?,250,2,i,Minkälainen tunnelma?
17,Minkälainen tunnelma?,405,3,n,Minkälainen tunnelma?
17,Minkälainen tunnelma?,592,4,k,Minkälainen tunnelma?
17,Minkälainen tunnelma?,779,5,adiaeresis,Minkälainen tunnelma?
17,Minkälainen tunnelma?,1060,6,l,Minkälainen tunnelma?
17,Minkälainen tunnelma?,1217,7,a,Minkälainen tunnelma?
17,Minkälainen tunnelma?,1372,8,i,Minkälainen tunnelma?
17,Minkälainen tunnelma?,1529,9,n,Minkälainen tunnelma?
17,Minkälainen tunnelma?,1654,10,e,Minkälainen tunnelma?
17,Minkälainen tunnelma?,1747,11,n,Minkälainen tunnelma?
17,Minkälainen tunnelma?,1871,12,space,Minkälainen tunnelma?
17,Minkälainen tunnelma?,1996,13,t,Minkälainen tunnelma?
17,Minkälainen tunnelma?,2121,14,u,Minkälainen tunnelma?
17,Minkälainen tunnelma?,2309,15,n,Minkälainen tunnelma?
17,Minkälainen tunnelma?,2464,16,n,Minkälainen tunnelma?
17,Minkälainen tunnelma?,2684,17,i,Minkälainen tunnelma?
17,Minkälainen tunnelma?,2684,18,o,Minkälainen tunnelma?
17,Minkälainen tunnelma?,3057,19,BackSpace,Minkälainen tunnelma?
17,Minkälainen tunnelma?,3494,20,BackSpace,Minkälainen tunnelma?
17,Minkälainen tunnelma?,3712,21,e,Minkälainen tunnelma?
17,Minkälainen tunnelma?,3868,22,l,Minkälainen tunnelma?
17,Minkälainen tunnelma?,4087,23,m,Minkälainen tunnelma?
17,Minkälainen tunnelma?,4243,24,a,Minkälainen tunnelma?
17,Minkälainen tunnelma?,4586,25,Shift_L,Minkälainen tunnelma?
17,Minkälainen tunnelma?,4929,26,question,Minkälainen tunnelma?
18,Kokeilen uudestaan.,0,0,Shift_L,Kokeilen uudestaan.
18,Kokeilen uudestaan.,312,1,K,Kokeilen uudestaan.
18,Kokeilen uudestaan.,686,2,o,Kokeilen uudestaan.
18,Kokeilen uudestaan.,1061,3,BackSpace,Kokeilen uudestaan.
18,Kokeilen uudestaan.,1965,4,o,Kokeilen uudestaan.
18,Kokeilen uudestaan.,2153,5,k,Kokeilen uudestaan.
18,Kokeilen uudestaan.,2309,6,e,Kokeilen uudestaan.
18,Kokeilen uudestaan.,2465,7,i,Kokeilen uudestaan.
18,Kokeilen uudestaan.,2527,8,l,Kokeilen uudestaan.
18,Kokeilen uudestaan.,2745,9,e,Kokeilen uudestaan.
18,Kokeilen uudestaan.,2870,10,n,Kokeilen uudestaan.
18,Kokeilen uudestaan.,3088,11,space,Kokeilen uudestaan.
18,Kokeilen uudestaan.,3307,12,u,Kokeilen uudestaan.
18,Kokeilen uudestaan.,3463,13,u,Kokeilen uudestaan.
18,Kokeilen uudestaan.,3588,14,d,Kokeilen uudestaan.
18,Kokeilen uudestaan.,3680,15,e,Kokeilen uudestaan.
18,Kokeilen uudestaan.,3805,16,s,Kokeilen uudestaan.
18,Kokeilen uudestaan.,4025,17,t,Kokeilen uudestaan.
18,Kokeilen uudestaan.,4180,18,a,Kokeilen uudestaan.
18,Kokeilen uudestaan.,4430,19,n,Kokeilen uudestaan.
18,Kokeilen uudestaan.,4617,20,n,Kokeilen uudestaan.
18,Kokeilen uudestaan.,5085,21,BackSpace,Kokeilen uudestaan.
18,Kokeilen uudestaan.,5241,22,BackSpace,Kokeilen uudestaan.
18,Kokeilen uudestaan.,5397,23,a,Kokeilen uudestaan.
18,Kokeilen uudestaan.,5897,24,n,Kokeilen uudestaan.
18,Kokeilen uudestaan.,6302,25,period,Kokeilen uudestaan.
19,Oikein hyvää matkaa!,0,0,Shift_L,Oikein hyvää matkaa!
19,Oikein hyvää matkaa!,217,1,P,Oikein hyvää matkaa!
19,Oikein hyvää matkaa!,874,2,BackSpace,Oikein hyvää matkaa!
19,Oikein hyvää matkaa!,1186,3,Shift_L,Oikein hyvää matkaa!
19,Oikein hyvää matkaa!,1279,4,O,Oikein hyvää matkaa!
19,Oikein hyvää matkaa!,1746,5,i,Oikein hyvää matkaa!
19,Oikein hyvää matkaa!,1934,6,k,Oikein hyvää matkaa!
19,Oikein hyvää matkaa!,2059,7,e,Oikein hyvää matkaa!
19,Oikein hyvää matkaa!,2153,8,i,Oikein hyvää matkaa!
19,Oikein hyvää matkaa!,2340,9,n,Oikein hyvää matkaa!
19,Oikein hyvää matkaa!,2465,10,space,Oikein hyvää matkaa!
19,Oikein hyvää matkaa!,3432,11,h,Oikein hyvää matkaa!
19,Oikein hyvää matkaa!,3588,12,y,Oikein hyvää matkaa!
19,Oikein hyvää matkaa!,3743,13,v,Oikein hyvää matkaa!
19,Oikein hyvää matkaa!,3868,14,adiaeresis,Oikein hyvää matkaa!
19,Oikein hyvää matkaa!,4055,15,adiaeresis,Oikein hyvää matkaa!
19,Oikein hyvää matkaa!,4243,16,space,Oikein hyvää matkaa!
19,Oikein hyvää matkaa!,4430,17,m,Oikein hyvää matkaa!
19,Oikein hyvää matkaa!,4524,18,a,Oikein hyvää matkaa!
19,Oikein hyvää matkaa!,4680,19,t,Oikein hyvää matkaa!
19,Oikein hyvää matkaa!,4867,20,k,Oikein hyvää matkaa!
19,Oikein hyvää matkaa!,5023,21,a,Oikein hyvää matkaa!
19,Oikein hyvää matkaa!,5210,22,a,Oikein hyvää matkaa!
19,Oikein hyvää matkaa!,5554,23,Shift_L,Oikein hyvää matkaa!
19,Oikein hyvää matkaa!,6894,24,exclam,Oikein hyvää matkaa!
20,Voitko jo paremmin?,0,0,Shift_L,Voitko jo paremmin?
20,Voitko jo paremmin?,218,1,V,Voitko jo paremmin?
20,Voitko jo paremmin?,343,2,o,Voitko jo paremmin?
20,Voitko jo paremmin?,437,3,i,Voitko jo paremmin?
20,Voitko jo paremmin?,624,4,t,Voitko jo paremmin?
20,Voitko jo paremmin?,749,5,k,Voitko jo paremmin?
20,Voitko jo paremmin?,842,6,o,Voitko jo paremmin?
20,Voitko jo paremmin?,967,7,space,Voitko jo paremmin?
20,Voitko jo paremmin?,1248,8,j,Voitko jo paremmin?
20,Voitko jo paremmin?,1373,9,o,Voitko jo paremmin?
20,Voitko jo paremmin?,1559,10,space,Voitko jo paremmin?
20,Voitko jo paremmin?,1746,11,p,Voitko jo paremmin?
20,Voitko jo paremmin?,1903,12,a,Voitko jo paremmin?
20,Voitko jo paremmin?,2059,13,r,Voitko jo paremmin?
20,Voitko jo paremmin?,2153,14,e,Voitko jo paremmin?
20,Voitko jo paremmin?,2278,15,m,Voitko jo paremmin?
20,Voitko jo paremmin?,2434,16,m,Voitko jo paremmin?
20,Voitko jo paremmin?,2621,17,i,Voitko jo paremmin?
20,Voitko jo paremmin?,2838,18,n,Voitko jo paremmin?
20,Voitko jo paremmin?,3151,19,Shift_L,Voitko jo paremmin?
20,Voitko jo paremmin?,3338,20,question,Voitko jo paremmin?
21,Tuletko kanssamme lounaalle?,0,0,Shift_L,Tuletko kanssamme lounaalle?
21,Tuletko kanssamme lounaalle?,219,1,T,Tuletko kanssamme lounaalle?
21,Tuletko kanssamme lounaalle?,624,2,u,Tuletko kanssamme lounaalle?
21,Tuletko kanssamme lounaalle?,1061,3,l,Tuletko kanssamme lounaalle?
21,Tuletko kanssamme lounaalle?,1186,4,e,Tuletko kanssamme lounaalle?
21,Tuletko kanssamme lounaalle?,1404,5,t,Tuletko kanssamme lounaalle?
21,Tuletko kanssamme lounaalle?,1591,6,k,Tuletko kanssamme lounaalle?
21,Tuletko kanssamme lounaalle?,1779,7,o,Tuletko kanssamme lounaalle?
21,Tuletko kanssamme lounaalle?,1902,8,space,Tuletko kanssamme lounaalle?
21,Tuletko kanssamme lounaalle?,2059,9,k,Tuletko kanssamme lounaalle?
21,Tuletko kanssamme lounaalle?,2152,10,a,Tuletko kanssamme lounaalle?
21,Tuletko kanssamme lounaalle?,2277,11,n,Tuletko kanssamme lounaalle?
21,Tuletko kanssamme lounaalle?,2776,12,s,Tuletko kanssamme lounaalle?
21,Tuletko kanssamme lounaalle?,2963,13,s,Tuletko kanssamme lounaalle?
21,Tuletko kanssamme lounaalle?,3088,14,a,Tuletko kanssamme lounaalle?
21,Tuletko kanssamme lounaalle?,3276,15,m,Tuletko kanssamme lounaalle?
21,Tuletko kanssamme lounaalle?,3431,16,m,Tuletko kanssamme lounaalle?
21,Tuletko kanssamme lounaalle?,3556,17,e,Tuletko kanssamme lounaalle?
21,Tuletko kanssamme lounaalle?,3743,18,space,Tuletko kanssamme lounaalle?
21,Tuletko kanssamme lounaalle?,3930,19,l,Tuletko kanssamme lounaalle?
21,Tuletko kanssamme lounaalle?,4275,20,o,Tuletko kanssamme lounaalle?
21,Tuletko kanssamme lounaalle?,4368,21,u,Tuletko kanssamme lounaalle?
21,Tuletko kanssamme lounaalle?,4618,22,n,Tuletko kanssamme lounaalle?
21,Tuletko kanssamme lounaalle?,4805,23,a,Tuletko kanssamme lounaalle?
21,Tuletko kanssamme lounaalle?,4930,24,l,Tuletko kanssamme lounaalle?
21,Tuletko kanssamme lounaalle?,5085,25,l,Tuletko kanssamme lounaalle?
21,Tuletko kanssamme lounaalle?,5273,26,e,Tuletko kanssamme lounaalle?
21,Tuletko kanssamme lounaalle?,5647,27,BackSpace,Tuletko kanssamme lounaalle?
21,Tuletko kanssamme lounaalle?,5772,28,BackSpace,Tuletko kanssamme lounaalle?
21,Tuletko kanssamme lounaalle?,5927,29,BackSpace,Tuletko kanssamme lounaalle?
21,Tuletko kanssamme lounaalle?,6084,30,a,Tuletko kanssamme lounaalle?
21,Tuletko kanssamme lounaalle?,6270,31,l,Tuletko kanssamme lounaalle?
21,Tuletko kanssamme lounaalle?,6270,32,odiaeresis,Tuletko kanssamme lounaalle?
21,Tuletko kanssamme lounaalle?,6802,33,BackSpace,Tuletko kanssamme lounaalle?
21,Tuletko kanssamme lounaalle?,7050,34,e,Tuletko kanssamme lounaalle?
21,Tuletko kanssamme lounaalle?,7425,35,BackSpace,Tuletko kanssamme lounaalle?
21,Tuletko kanssamme lounaalle?,7894,36,l,Tuletko kanssamme lounaalle?
21,Tuletko kanssamme lounaalle?,8019,37,e,Tuletko kanssamme lounaalle?
21,Tuletko kanssamme lounaalle?,8267,38,Shift_L,Tuletko kanssamme lounaalle?
21,Tuletko kanssamme lounaalle?,8331,39,question,Tuletko kanssamme lounaalle?
22,Nähdään kolmannella.,0,0,Shift_L,Nähdään kolmannella.
22,Nähdään kolmannella.,187,1,N,Nähdään kolmannella.
22,Nähdään kolmannella.,375,2,adiaeresis,Nähdään kolmannella.
22,Nähdään kolmannella.,562,3,h,Nähdään kolmannella.
22,Nähdään kolmannella.,749,4,d,Nähdään kolmannella.
22,Nähdään kolmannella.,811,5,adiaeresis,Nähdään kolmannella.
22,Nähdään kolmannella.,967,6,adiaeresis,Nähdään kolmannella.
22,Nähdään kolmannella.,1186,7,n,Nähdään kolmannella.
22,Nähdään kolmannella.,1342,8,space,Nähdään kolmannella.
22,Nähdään kolmannella.,1560,9,k,Nähdään kolmannella.
22,Nähdään kolmannella.,1841,10,o,Nähdään kolmannella.
22,Nähdään kolmannella.,2059,11,l,Nähdään kolmannella.
22,Nähdään kolmannella.,2371,12,m,Nähdään kolmannella.
22,Nähdään kolmannella.,2776,13,a,Nähdään kolmannella.
22,Nähdään kolmannella.,3151,14,n,Nähdään kolmannella.
22,Nähdään kolmannella.,3463,15,n,Nähdään kolmannella.
22,Nähdään kolmannella.,3713,16,e,Nähdään kolmannella.
22,Nähdään kolmannella.,3930,17,l,Nähdään kolmannella.
22,Nähdään kolmannella.,4118,18,l,Nähdään kolmannella.
22,Nähdään kolmannella.,4337,19,a,Nähdään kolmannella.
22,Nähdään kolmannella.,4462,20,period,Nähdään kolmannella.
23,Se olisi hienoa.,0,0,Shift_L,Se olisi hienoa.
23,Se olisi hienoa.,155,1,S,Se olisi hienoa.
23,Se olisi hienoa.,405,2,e,Se olisi hienoa.
23,Se olisi hienoa.,500,3,space,Se olisi hienoa.
23,Se olisi hienoa.,687,4,o,Se olisi hienoa.
23,Se olisi hienoa.,687,5,p,Se olisi hienoa.
23,Se olisi hienoa.,842,6,odiaeresis,Se olisi hienoa.
23,Se olisi hienoa.,1060,7,o,Se olisi hienoa.
23,Se olisi hienoa.,1279,8,BackSpace,Se olisi hienoa.
23,Se olisi hienoa.,1435,9,BackSpace,Se olisi hienoa.
23,Se olisi hienoa.,1559,10,BackSpace,Se olisi hienoa.
23,Se olisi hienoa.,1809,11,l,Se olisi hienoa.
23,Se olisi hienoa.,2090,12,i,Se olisi hienoa.
23,Se olisi hienoa.,2277,13,s,Se olisi hienoa.
23,Se olisi hienoa.,2402,14,i,Se olisi hienoa.
23,Se olisi hienoa.,2589,15,space,Se olisi hienoa.
23,Se olisi hienoa.,2776,16,h,Se olisi hienoa.
23,Se olisi hienoa.,2932,17,i,Se olisi hienoa.
23,Se olisi hienoa.,3213,18,e,Se olisi hienoa.
23,Se olisi hienoa.,3401,19,n,Se olisi hienoa.
23,Se olisi hienoa.,3619,20,o,Se olisi hienoa.
23,Se olisi hienoa.,3806,21,a,Se olisi hienoa.
23,Se olisi hienoa.,3963,22,period,Se olisi hienoa.
24,Tulen takaisin perjantaina.,0,0,Shift_L,Tulen takaisin perjantaina.
24,Tulen takaisin perjantaina.,155,1,T,Tulen takaisin perjantaina.
24,Tulen takaisin perjantaina.,373,2,u,Tulen takaisin perjantaina.
24,Tulen takaisin perjantaina.,529,3,l,Tulen takaisin perjantaina.
24,Tulen takaisin perjantaina.,685,4,e,Tulen takaisin perjantaina.
24,Tulen takaisin perjantaina.,1122,5,n,Tulen takaisin perjantaina.
24,Tulen takaisin perjantaina.,1309,6,space,Tulen takaisin perjantaina.
24,Tulen takaisin perjantaina.,1434,7,t,Tulen takaisin perjantaina.
24,Tulen takaisin perjantaina.,1559,8,a,Tulen takaisin perjantaina.
24,Tulen takaisin perjantaina.,1652,9,k,Tulen takaisin perjantaina.
24,Tulen takaisin perjantaina.,1808,10,a,Tulen takaisin perjantaina.
24,Tulen takaisin perjantaina.,1933,11,i,Tulen takaisin perjantaina.
24,Tulen takaisin perjantaina.,2152,12,s,Tulen takaisin perjantaina.
24,Tulen takaisin perjantaina.,2339,13,i,Tulen takaisin perjantaina.
24,Tulen takaisin perjantaina.,2464,14,n,Tulen takaisin perjantaina.
24,Tulen takaisin perjantaina.,2588,15,space,Tulen takaisin perjantaina.
24,Tulen takaisin perjantaina.,2838,16,p,Tulen takaisin perjantaina.
24,Tulen takaisin perjantaina.,2963,17,e,Tulen takaisin perjantaina.
24,Tulen takaisin perjantaina.,3088,18,r,Tulen takaisin perjantaina.
24,Tulen takaisin perjantaina.,3275,19,j,Tulen takaisin perjantaina.
24,Tulen takaisin perjantaina.,3462,20,a,Tulen takaisin perjantaina.
24,Tulen takaisin perjantaina.,3712,21,n,Tulen takaisin perjantaina.
24,Tulen takaisin perjantaina.,3992,22,t,Tulen takaisin perjantaina.
24,Tulen takaisin perjantaina.,4086,23,a,Tulen takaisin perjantaina.
24,Tulen takaisin perjantaina.,4304,24,i,Tulen takaisin perjantaina.
24,Tulen takaisin perjantaina.,4492,25,n,Tulen takaisin perjantaina.
24,Tulen takaisin perjantaina.,4648,26,a,Tulen takaisin perjantaina.
24,Tulen takaisin perjantaina.,4804,27,period,Tulen takaisin perjantaina.
25,Lähettäisitkö minulle sähköpostia?,0,0,Shift_L,Lähettäisitkö minulle sähköpostia?
25,Lähettäisitkö minulle sähköpostia?,125,1,L,Lähettäisitkö minulle sähköpostia?
25,Lähettäisitkö minulle sähköpostia?,343,2,adiaeresis,Lähettäisitkö minulle sähköpostia?
25,Lähettäisitkö minulle sähköpostia?,530,3,h,Lähettäisitkö minulle sähköpostia?
25,Lähettäisitkö minulle sähköpostia?,623,4,e,Lähettäisitkö minulle sähköpostia?
25,Lähettäisitkö minulle sähköpostia?,748,5,t,Lähettäisitkö minulle sähköpostia?
25,Lähettäisitkö minulle sähköpostia?,935,6,t,Lähettäisitkö minulle sähköpostia?
25,Lähettäisitkö minulle sähköpostia?,1092,7,adiaeresis,Lähettäisitkö minulle sähköpostia?
25,Lähettäisitkö minulle sähköpostia?,1310,8,i,Lähettäisitkö minulle sähköpostia?
25,Lähettäisitkö minulle sähköpostia?,1529,9,s,Lähettäisitkö minulle sähköpostia?
25,Lähettäisitkö minulle sähköpostia?,1684,10,i,Lähettäisitkö minulle sähköpostia?
25,Lähettäisitkö minulle sähköpostia?,1904,11,k,Lähettäisitkö minulle sähköpostia?
25,Lähettäisitkö minulle sähköpostia?,2152,12,t,Lähettäisitkö minulle sähköpostia?
25,Lähettäisitkö minulle sähköpostia?,2527,13,BackSpace,Lähettäisitkö minulle sähköpostia?
25,Lähettäisitkö minulle sähköpostia?,2684,14,BackSpace,Lähettäisitkö minulle sähköpostia?
25,Lähettäisitkö minulle sähköpostia?,2871,15,t,Lähettäisitkö minulle sähköpostia?
25,Lähettäisitkö minulle sähköpostia?,3494,16,k,Lähettäisitkö minulle sähköpostia?
25,Lähettäisitkö minulle sähköpostia?,3651,17,odiaeresis,Lähettäisitkö minulle sähköpostia?
25,Lähettäisitkö minulle sähköpostia?,3806,18,space,Lähettäisitkö minulle sähköpostia?
25,Lähettäisitkö minulle sähköpostia?,3963,19,m,Lähettäisitkö minulle sähköpostia?
25,Lähettäisitkö minulle sähköpostia?,4118,20,i,Lähettäisitkö minulle sähköpostia?
25,Lähettäisitkö minulle sähköpostia?,4274,21,n,Lähettäisitkö minulle sähköpostia?
25,Lähettäisitkö minulle sähköpostia?,4399,22,u,Lähettäisitkö minulle sähköpostia?
25,Lähettäisitkö minulle sähköpostia?,4586,23,l,Lähettäisitkö minulle sähköpostia?
25,Lähettäisitkö minulle sähköpostia?,4773,24,l,Lähettäisitkö minulle sähköpostia?
25,Lähettäisitkö minulle sähköpostia?,4898,25,e,Lähettäisitkö minulle sähköpostia?
25,Lähettäisitkö minulle sähköpostia?,5054,26,space,Lähettäisitkö minulle sähköpostia?
25,Lähettäisitkö minulle sähköpostia?,5210,27,s,Lähettäisitkö minulle sähköpostia?
25,Lähettäisitkö minulle sähköpostia?,5335,28,adiaeresis,Lähettäisitkö minulle sähköpostia?
25,Lähettäisitkö minulle sähköpostia?,5585,29,h,Lähettäisitkö minulle sähköpostia?
25,Lähettäisitkö minulle sähköpostia?,6302,30,k,Lähettäisitkö minulle sähköpostia?
25,Lähettäisitkö minulle sähköpostia?,6677,31,odiaeresis,Lähettäisitkö minulle sähköpostia?
25,Lähettäisitkö minulle sähköpostia?,6895,32,p,Lähettäisitkö minulle sähköpostia?
25,Lähettäisitkö minulle sähköpostia?,6988,33,o,Lähettäisitkö minulle sähköpostia?
25,Lähettäisitkö minulle sähköpostia?,7052,34,s,Lähettäisitkö minulle sähköpostia?
25,Lähettäisitkö minulle sähköpostia?,7175,35,t,Lähettäisitkö minulle sähköpostia?
25,Lähettäisitkö minulle sähköpostia?,7363,36,i,Lähettäisitkö minulle sähköpostia?
25,Lähettäisitkö minulle sähköpostia?,7519,37,s,Lähettäisitkö minulle sähköpostia?
25,Lähettäisitkö minulle sähköpostia?,8205,38,BackSpace,Lähettäisitkö minulle sähköpostia?
25,Lähettäisitkö minulle sähköpostia?,8455,39,a,Lähettäisitkö minulle sähköpostia?
25,Lähettäisitkö minulle sähköpostia?,8767,40,Shift_L,Lähettäisitkö minulle sähköpostia?
25,Lähettäisitkö minulle sähköpostia?,8924,41,question,Lähettäisitkö minulle sähköpostia?
26,Tuo lienee oikea vastaus.,0,0,Shift_L,Tuo lienee oikea vastaus.
26,Tuo lienee oikea vastaus.,155,1,T,Tuo lienee oikea vastaus.
26,Tuo lienee oikea vastaus.,405,2,u,Tuo lienee oikea vastaus.
26,Tuo lienee oikea vastaus.,467,3,p,Tuo lienee oikea vastaus.
26,Tuo lienee oikea vastaus.,1029,4,BackSpace,Tuo lienee oikea vastaus.
26,Tuo lienee oikea vastaus.,1779,5,o,Tuo lienee oikea vastaus.
26,Tuo lienee oikea vastaus.,1934,6,space,Tuo lienee oikea vastaus.
26,Tuo lienee oikea vastaus.,2121,7,l,Tuo lienee oikea vastaus.
26,Tuo lienee oikea vastaus.,2246,8,i,Tuo lienee oikea vastaus.
26,Tuo lienee oikea vastaus.,2526,9,n,Tuo lienee oikea vastaus.
26,Tuo lienee oikea vastaus.,2776,10,e,Tuo lienee oikea vastaus.
26,Tuo lienee oikea vastaus.,3183,11,BackSpace,Tuo lienee oikea vastaus.
26,Tuo lienee oikea vastaus.,3306,12,BackSpace,Tuo lienee oikea vastaus.
26,Tuo lienee oikea vastaus.,3588,13,e,Tuo lienee oikea vastaus.
26,Tuo lienee oikea vastaus.,3806,14,n,Tuo lienee oikea vastaus.
26,Tuo lienee oikea vastaus.,4024,15,e,Tuo lienee oikea vastaus.
26,Tuo lienee oikea vastaus.,4180,16,e,Tuo lienee oikea vastaus.
26,Tuo lienee oikea vastaus.,4336,17,space,Tuo lienee oikea vastaus.
26,Tuo lienee oikea vastaus.,4493,18,o,Tuo lienee oikea vastaus.
26,Tuo lienee oikea vastaus.,4586,19,i,Tuo lienee oikea vastaus.
26,Tuo lienee oikea vastaus.,4805,20,k,Tuo lienee oikea vastaus.
26,Tuo lienee oikea vastaus.,4898,21,e,Tuo lienee oikea vastaus.
26,Tuo lienee oikea vastaus.,5428,22,a,Tuo lienee oikea vastaus.
26,Tuo lienee oikea vastaus.,5647,23,space,Tuo lienee oikea vastaus.
26,Tuo lienee oikea vastaus.,5865,24,v,Tuo lienee oikea vastaus.
26,Tuo lienee oikea vastaus.,5927,25,a,Tuo lienee oikea vastaus.
26,Tuo lienee oikea vastaus.,6147,26,s,Tuo lienee oikea vastaus.
26,Tuo lienee oikea vastaus.,6365,27,t,Tuo lienee oikea vastaus.
26,Tuo lienee oikea vastaus.,6490,28,a,Tuo lienee oikea vastaus.
26,Tuo lienee oikea vastaus.,6677,29,u,Tuo lienee oikea vastaus.
26,Tuo lienee oikea vastaus.,6927,30,s,Tuo lienee oikea vastaus.
26,Tuo lienee oikea vastaus.,7114,31,period,Tuo lienee oikea vastaus.
27,Eo ollut edes lähellä.,0,0,Shift_L,Eo ollut edes lähellä.
27,Eo ollut edes lähellä.,155,1,E,Eo ollut edes lähellä.
27,Eo ollut edes lähellä.,467,2,o,Eo ollut edes lähellä.
27,Eo ollut edes lähellä.,654,3,space,Eo ollut edes lähellä.
27,Eo ollut edes lähellä.,779,4,p,Eo ollut edes lähellä.
27,Eo ollut edes lähellä.,966,5,odiaeresis,Eo ollut edes lähellä.
27,Eo ollut edes lähellä.,1153,6,odiaeresis,Eo ollut edes lähellä.
27,Eo ollut edes lähellä.,1590,7,BackSpace,Eo ollut edes lähellä.
27,Eo ollut edes lähellä.,1715,8,BackSpace,Eo ollut edes lähellä.
27,Eo ollut edes lähellä.,1871,9,BackSpace,Eo ollut edes lähellä.
27,Eo ollut edes lähellä.,2432,10,o,Eo ollut edes lähellä.
27,Eo ollut edes lähellä.,2588,11,l,Eo ollut edes lähellä.
27,Eo ollut edes lähellä.,2744,12,l,Eo ollut edes lähellä.
27,Eo ollut edes lähellä.,2900,13,u,Eo ollut edes lähellä.
27,Eo ollut edes lähellä.,3119,14,t,Eo ollut edes lähellä.
27,Eo ollut edes lähellä.,3181,15,space,Eo ollut edes lähellä.
27,Eo ollut edes lähellä.,3399,16,e,Eo ollut edes lähellä.
27,Eo ollut edes lähellä.,3743,17,d,Eo ollut edes lähellä.
27,Eo ollut edes lähellä.,3805,18,e,Eo ollut edes lähellä.
27,Eo ollut edes lähellä.,3961,19,s,Eo ollut edes lähellä.
27,Eo ollut edes lähellä.,4242,20,space,Eo ollut edes lähellä.
27,Eo ollut edes lähellä.,4898,21,l,Eo ollut edes lähellä.
27,Eo ollut edes lähellä.,5053,22,adiaeresis,Eo ollut edes lähellä.
27,Eo ollut edes lähellä.,5240,23,h,Eo ollut edes lähellä.
27,Eo ollut edes lähellä.,5396,24,e,Eo ollut edes lähellä.
27,Eo ollut edes lähellä.,5739,25,l,Eo ollut edes lähellä.
27,Eo ollut edes lähellä.,5895,26,l,Eo ollut edes lähellä.
27,Eo ollut edes lähellä.,6051,27,adiaeresis,Eo ollut edes lähellä.
27,Eo ollut edes lähellä.,6800,28,period,Eo ollut edes lähellä.
28,Voitko auttaa?,0,0,Shift_L,Voitko auttaa?
28,Voitko auttaa?,155,1,V,Voitko auttaa?
28,Voitko auttaa?,311,2,o,Voitko auttaa?
28,Voitko auttaa?,404,3,i,Voitko auttaa?
28,Voitko auttaa?,592,4,t,Voitko auttaa?
28,Voitko auttaa?,779,5,k,Voitko auttaa?
28,Voitko auttaa?,904,6,o,Voitko auttaa?
28,Voitko auttaa?,1122,7,space,Voitko auttaa?
28,Voitko auttaa?,1247,8,a,Voitko auttaa?
28,Voitko auttaa?,1403,9,u,Voitko auttaa?
28,Voitko auttaa?,1590,10,t,Voitko auttaa?
28,Voitko auttaa?,1777,11,t,Voitko auttaa?
28,Voitko auttaa?,1902,12,a,Voitko auttaa?
28,Voitko auttaa?,2152,13,a,Voitko auttaa?
28,Voitko auttaa?,2495,14,Shift_L,Voitko auttaa?
28,Voitko auttaa?,2776,15,question,Voitko auttaa?
29,Kunhan pelleilen kanssasi!,0,0,Shift_L,Kunhan pelleilen kanssasi!
29,Kunhan pelleilen kanssasi!,655,1,K,Kunhan pelleilen kanssasi!
29,Kunhan pelleilen kanssasi!,874,2,u,Kunhan pelleilen kanssasi!
29,Kunhan pelleilen kanssasi!,1092,3,n,Kunhan pelleilen kanssasi!
29,Kunhan pelleilen kanssasi!,1248,4,h,Kunhan pelleilen kanssasi!
29,Kunhan pelleilen kanssasi!,1342,5,a,Kunhan pelleilen kanssasi!
29,Kunhan pelleilen kanssasi!,1498,6,n,Kunhan pelleilen kanssasi!
29,Kunhan pelleilen kanssasi!,1592,7,space,Kunhan pelleilen kanssasi!
29,Kunhan pelleilen kanssasi!,1779,8,p,Kunhan pelleilen kanssasi!
29,Kunhan pelleilen kanssasi!,1966,9,e,Kunhan pelleilen kanssasi!
29,Kunhan pelleilen kanssasi!,2091,10,l,Kunhan pelleilen kanssasi!
29,Kunhan pelleilen kanssasi!,2247,11,l,Kunhan pelleilen kanssasi!
29,Kunhan pelleilen kanssasi!,2434,12,e,Kunhan pelleilen kanssasi!
29,Kunhan pelleilen kanssasi!,2621,13,i,Kunhan pelleilen kanssasi!
29,Kunhan pelleilen kanssasi!,3152,14,l,Kunhan pelleilen kanssasi!
29,Kunhan pelleilen kanssasi!,3338,15,e,Kunhan pelleilen kanssasi!
29,Kunhan pelleilen kanssasi!,3495,16,n,Kunhan pelleilen kanssasi!
29,Kunhan pelleilen kanssasi!,3588,17,space,Kunhan pelleilen kanssasi!
29,Kunhan pelleilen kanssasi!,3744,18,k,Kunhan pelleilen kanssasi!
29,Kunhan pelleilen kanssasi!,3838,19,a,Kunhan pelleilen kanssasi!
29,Kunhan pelleilen kanssasi!,3932,20,n,Kunhan pelleilen kanssasi!
29,Kunhan pelleilen kanssasi!,4180,21,s,Kunhan pelleilen kanssasi!
29,Kunhan pelleilen kanssasi!,4430,22,s,Kunhan pelleilen kanssasi!
29,Kunhan pelleilen kanssasi!,4743,23,a,Kunhan pelleilen kanssasi!
29,Kunhan pelleilen kanssasi!,5086,24,s,Kunhan pelleilen kanssasi!
29,Kunhan pelleilen kanssasi!,5367,25,i,Kunhan pelleilen kanssasi!
29,Kunhan pelleilen kanssasi!,5616,26,Shift_L,Kunhan pelleilen kanssasi!
29,Kunhan pelleilen kanssasi!,5804,27,exclam,Kunhan pelleilen kanssasi!
30,Missä olet?,0,0,Shift_L,Missä olet?
30,Missä olet?,186,1,M,Missä olet?
30,Missä olet?,375,2,i,Missä olet?
30,Missä olet?,467,3,s,Missä olet?
30,Missä olet?,654,4,s,Missä olet?
30,Missä olet?,1247,5,adiaeresis,Missä olet?
30,Missä olet?,1497,6,space,Missä olet?
30,Missä olet?,1809,7,odiaeresis,Missä olet?
30,Missä olet?,2121,8,BackSpace,Missä olet?
30,Missä olet?,2620,9,o,Missä olet?
30,Missä olet?,2745,10,l,Missä olet?
30,Missä olet?,2838,11,e,Missä olet?
30,Missä olet?,3026,12,t,Missä olet?
30,Missä olet?,3369,13,Shift_L,Missä olet?
30,Missä olet?,3462,14,question,Missä olet?
31,Nähdään pian!,0,0,Shift_L,Nähdään pian!
31,Nähdään pian!,374,1,N,Nähdään pian!
31,Nähdään pian!,779,2,adiaeresis,Nähdään pian!
31,Nähdään pian!,1029,3,h,Nähdään pian!
31,Nähdään pian!,1247,4,d,Nähdään pian!
31,Nähdään pian!,1341,5,adiaeresis,Nähdään pian!
31,Nähdään pian!,1496,6,adiaeresis,Nähdään pian!
31,Nähdään pian!,1716,7,n,Nähdään pian!
31,Nähdään pian!,1809,8,space,Nähdään pian!
31,Nähdään pian!,1964,9,p,Nähdään pian!
31,Nähdään pian!,2059,10,i,Nähdään pian!
31,Nähdään pian!,2214,11,a,Nähdään pian!
31,Nähdään pian!,2371,12,n,Nähdään pian!
31,Nähdään pian!,2651,13,1,Nähdään pian!
31,Nähdään pian!,3056,14,BackSpace,Nähdään pian!
31,Nähdään pian!,3213,15,Shift_L,Nähdään pian!
31,Nähdään pian!,3338,16,exclam,Nähdään pian!
32,Pidä minut ajan tasalla!,0,0,Shift_L,Pidä minut ajan tasalla!
32,Pidä minut ajan tasalla!,311,1,P,Pidä minut ajan tasalla!
32,Pidä minut ajan tasalla!,467,2,i,Pidä minut ajan tasalla!
32,Pidä minut ajan tasalla!,748,3,d,Pidä minut ajan tasalla!
32,Pidä minut ajan tasalla!,873,4,odiaeresis,Pidä minut ajan tasalla!
32,Pidä minut ajan tasalla!,1247,5,space,Pidä minut ajan tasalla!
32,Pidä minut ajan tasalla!,1497,6,BackSpace,Pidä minut ajan tasalla!
32,Pidä minut ajan tasalla!,1653,7,BackSpace,Pidä minut ajan tasalla!
32,Pidä minut ajan tasalla!,2121,8,adiaeresis,Pidä minut ajan tasalla!
32,Pidä minut ajan tasalla!,2277,9,space,Pidä minut ajan tasalla!
32,Pidä minut ajan tasalla!,2464,10,m,Pidä minut ajan tasalla!
32,Pidä minut ajan tasalla!,2620,11,i,Pidä minut ajan tasalla!
32,Pidä minut ajan tasalla!,2838,12,n,Pidä minut ajan tasalla!
32,Pidä minut ajan tasalla!,2932,13,u,Pidä minut ajan tasalla!
32,Pidä minut ajan tasalla!,3119,14,t,Pidä minut ajan tasalla!
32,Pidä minut ajan tasalla!,3275,15,space,Pidä minut ajan tasalla!
32,Pidä minut ajan tasalla!,3462,16,a,Pidä minut ajan tasalla!
32,Pidä minut ajan tasalla!,3587,17,j,Pidä minut ajan tasalla!
32,Pidä minut ajan tasalla!,3743,18,a,Pidä minut ajan tasalla!
32,Pidä minut ajan tasalla!,3868,19,n,Pidä minut ajan tasalla!
32,Pidä minut ajan tasalla!,4242,20,space,Pidä minut ajan tasalla!
32,Pidä minut ajan tasalla!,4586,21,t,Pidä minut ajan tasalla!
32,Pidä minut ajan tasalla!,4710,22,a,Pidä minut ajan tasalla!
32,Pidä minut ajan tasalla!,5023,23,s,Pidä minut ajan tasalla!
32,Pidä minut ajan tasalla!,5178,24,a,Pidä minut ajan tasalla!
32,Pidä minut ajan tasalla!,5366,25,l,Pidä minut ajan tasalla!
32,Pidä minut ajan tasalla!,5553,26,l,Pidä minut ajan tasalla!
32,Pidä minut ajan tasalla!,5771,27,a,Pidä minut ajan tasalla!
32,Pidä minut ajan tasalla!,6208,28,Shift_L,Pidä minut ajan tasalla!
32,Pidä minut ajan tasalla!,6426,29,exclam,Pidä minut ajan tasalla!
33,Mikä tämä on?,0,0,Shift_L,Mikä tämä on?
33,Mikä tämä on?,280,1,M,Mikä tämä on?
33,Mikä tämä on?,500,2,i,Mikä tämä on?
33,Mikä tämä on?,500,3,o,Mikä tämä on?
33,Mikä tämä on?,687,4,k,Mikä tämä on?
33,Mikä tämä on?,1060,5,BackSpace,Mikä tämä on?
33,Mikä tämä on?,1185,6,BackSpace,Mikä tämä on?
33,Mikä tämä on?,1809,7,k,Mikä tämä on?
33,Mikä tämä on?,2027,8,adiaeresis,Mikä tämä on?
33,Mikä tämä on?,2371,9,adiaeresis,Mikä tämä on?
33,Mikä tämä on?,2807,10,BackSpace,Mikä tämä on?
33,Mikä tämä on?,3057,11,space,Mikä tämä on?
33,Mikä tämä on?,3307,12,t,Mikä tämä on?
33,Mikä tämä on?,3338,13,adiaeresis,Mikä tämä on?
33,Mikä tämä on?,4118,14,m,Mikä tämä on?
33,Mikä tämä on?,4336,15,adiaeresis,Mikä tämä on?
33,Mikä tämä on?,4586,16,space,Mikä tämä on?
33,Mikä tämä on?,4743,17,o,Mikä tämä on?
33,Mikä tämä on?,4929,18,n,Mikä tämä on?
33,Mikä tämä on?,5335,19,Shift_L,Mikä tämä on?
33,Mikä tämä on?,5523,20,question,Mikä tämä on?
34,Onko se ohi?,0,0,Shift_L,Onko se ohi?
34,Onko se ohi?,217,1,O,Onko se ohi?
34,Onko se ohi?,404,2,n,Onko se ohi?
34,Onko se ohi?,561,3,k,Onko se ohi?
34,Onko se ohi?,749,4,o,Onko se ohi?
34,Onko se ohi?,904,5,space,Onko se ohi?
34,Onko se ohi?,998,6,s,Onko se ohi?
34,Onko se ohi?,1123,7,e,Onko se ohi?
34,Onko se ohi?,1248,8,space,Onko se ohi?
34,Onko se ohi?,1466,9,o,Onko se ohi?
34,Onko se ohi?,1778,10,h,Onko se ohi?
34,Onko se ohi?,1996,11,i,Onko se ohi?
34,Onko se ohi?,2371,12,Shift_L,Onko se ohi?
34,Onko se ohi?,2651,13,question,Onko se ohi?
35,Lähetin sen hänelle.,0,0,Shift_L,Lähetin sen hänelle.
35,Lähetin sen hänelle.,217,1,L,Lähetin sen hänelle.
35,Lähetin sen hänelle.,374,2,adiaeresis,Lähetin sen hänelle.
35,Lähetin sen hänelle.,592,3,h,Lähetin sen hänelle.
35,Lähetin sen hänelle.,654,4,e,Lähetin sen hänelle.
35,Lähetin sen hänelle.,904,5,t,Lähetin sen hänelle.
35,Lähetin sen hänelle.,1061,6,i,Lähetin sen hänelle.
35,Lähetin sen hänelle.,1248,7,n,Lähetin sen hänelle.
35,Lähetin sen hänelle.,1404,8,space,Lähetin sen hänelle.
35,Lähetin sen hänelle.,1746,9,s,Lähetin sen hänelle.
35,Lähetin sen hänelle.,1841,10,e,Lähetin sen hänelle.
35,Lähetin sen hänelle.,2089,11,n,Lähetin sen hänelle.
35,Lähetin sen hänelle.,2339,12,space,Lähetin sen hänelle.
35,Lähetin sen hänelle.,2621,13,h,Lähetin sen hänelle.
35,Lähetin sen hänelle.,2808,14,adiaeresis,Lähetin sen hänelle.
35,Lähetin sen hänelle.,3026,15,n,Lähetin sen hänelle.
35,Lähetin sen hänelle.,3213,16,e,Lähetin sen hänelle.
35,Lähetin sen hänelle.,3338,17,l,Lähetin sen hänelle.
35,Lähetin sen hänelle.,3526,18,l,Lähetin sen hänelle.
35,Lähetin sen hänelle.,3650,19,e,Lähetin sen hänelle.
35,Lähetin sen hänelle.,4368,20,comma,Lähetin sen hänelle.
35,Lähetin sen hänelle.,4368,21,period,Lähetin sen hänelle.
35,Lähetin sen hänelle.,4805,22,BackSpace,Lähetin sen hänelle.
35,Lähetin sen hänelle.,5085,23,BackSpace,Lähetin sen hänelle.
35,Lähetin sen hänelle.,5365,24,period,Lähetin sen hänelle.
36,Kuinka pian tarvitset sen?,0,0,Shift_L,Kuinka pian tarvitset sen?
36,Kuinka pian tarvitset sen?,468,1,K,Kuinka pian tarvitset sen?
36,Kuinka pian tarvitset sen?,687,2,u,Kuinka pian tarvitset sen?
36,Kuinka pian tarvitset sen?,843,3,i,Kuinka pian tarvitset sen?
36,Kuinka pian tarvitset sen?,843,4,o,Kuinka pian tarvitset sen?
36,Kuinka pian tarvitset sen?,999,5,n,Kuinka pian tarvitset sen?
36,Kuinka pian tarvitset sen?,1061,6,k,Kuinka pian tarvitset sen?
36,Kuinka pian tarvitset sen?,1279,7,a,Kuinka pian tarvitset sen?
36,Kuinka pian tarvitset sen?,1498,8,BackSpace,Kuinka pian tarvitset sen?
36,Kuinka pian tarvitset sen?,1654,9,BackSpace,Kuinka pian tarvitset sen?
36,Kuinka pian tarvitset sen?,1810,10,BackSpace,Kuinka pian tarvitset sen?
36,Kuinka pian tarvitset sen?,1996,11,BackSpace,Kuinka pian tarvitset sen?
36,Kuinka pian tarvitset sen?,2340,12,n,Kuinka pian tarvitset sen?
36,Kuinka pian tarvitset sen?,2559,13,k,Kuinka pian tarvitset sen?
36,Kuinka pian tarvitset sen?,2746,14,a,Kuinka pian tarvitset sen?
36,Kuinka pian tarvitset sen?,2871,15,space,Kuinka pian tarvitset sen?
36,Kuinka pian tarvitset sen?,3027,16,p,Kuinka pian tarvitset sen?
36,Kuinka pian tarvitset sen?,3151,17,i,Kuinka pian tarvitset sen?
36,Kuinka pian tarvitset sen?,3338,18,a,Kuinka pian tarvitset sen?
36,Kuinka pian tarvitset sen?,3526,19,n,Kuinka pian tarvitset sen?
36,Kuinka pian tarvitset sen?,3713,20,space,Kuinka pian tarvitset sen?
36,Kuinka pian tarvitset sen?,4087,21,t,Kuinka pian tarvitset sen?
36,Kuinka pian tarvitset sen?,4212,22,a,Kuinka pian tarvitset sen?
36,Kuinka pian tarvitset sen?,4587,23,v,Kuinka pian tarvitset sen?
36,Kuinka pian tarvitset sen?,4992,24,BackSpace,Kuinka pian tarvitset sen?
36,Kuinka pian tarvitset sen?,5616,25,r,Kuinka pian tarvitset sen?
36,Kuinka pian tarvitset sen?,6147,26,v,Kuinka pian tarvitset sen?
36,Kuinka pian tarvitset sen?,6958,27,i,Kuinka pian tarvitset sen?
36,Kuinka pian tarvitset sen?,7114,28,t,Kuinka pian tarvitset sen?
36,Kuinka pian tarvitset sen?,7363,29,s,Kuinka pian tarvitset sen?
36,Kuinka pian tarvitset sen?,7519,30,e,Kuinka pian tarvitset sen?
36,Kuinka pian tarvitset sen?,7800,31,t,Kuinka pian tarvitset sen?
36,Kuinka pian tarvitset sen?,8331,32,space,Kuinka pian tarvitset sen?
36,Kuinka pian tarvitset sen?,8643,33,s,Kuinka pian tarvitset sen?
36,Kuinka pian tarvitset sen?,8767,34,e,Kuinka pian tarvitset sen?
36,Kuinka pian tarvitset sen?,8892,35,n,Kuinka pian tarvitset sen?
36,Kuinka pian tarvitset sen?,9173,36,Shift_L,Kuinka pian tarvitset sen?
36,Kuinka pian tarvitset sen?,9516,37,question,Kuinka pian tarvitset sen?
37,Saimmeko omamme takaisin?,0,0,Shift_L,Saimmeko omamme takaisin?
37,Saimmeko omamme takaisin?,217,1,S,Saimmeko omamme takaisin?
37,Saimmeko omamme takaisin?,373,2,a,Saimmeko omamme takaisin?
37,Saimmeko omamme takaisin?,654,3,i,Saimmeko omamme takaisin?
37,Saimmeko omamme takaisin?,935,4,m,Saimmeko omamme takaisin?
37,Saimmeko omamme takaisin?,1092,5,m,Saimmeko omamme takaisin?
37,Saimmeko omamme takaisin?,1247,6,e,Saimmeko omamme takaisin?
37,Saimmeko omamme takaisin?,1465,7,k,Saimmeko omamme takaisin?
37,Saimmeko omamme takaisin?,1559,8,o,Saimmeko omamme takaisin?
37,Saimmeko omamme takaisin?,1746,9,space,Saimmeko omamme takaisin?
37,Saimmeko omamme takaisin?,1902,10,o,Saimmeko omamme takaisin?
37,Saimmeko omamme takaisin?,2089,11,m,Saimmeko omamme takaisin?
37,Saimmeko omamme takaisin?,2184,12,a,Saimmeko omamme takaisin?
37,Saimmeko omamme takaisin?,2621,13,m,Saimmeko omamme takaisin?
37,Saimmeko omamme takaisin?,2776,14,m,Saimmeko omamme takaisin?
37,Saimmeko omamme takaisin?,2932,15,e,Saimmeko omamme takaisin?
37,Saimmeko omamme takaisin?,3119,16,space,Saimmeko omamme takaisin?
37,Saimmeko omamme takaisin?,3276,17,t,Saimmeko omamme takaisin?
37,Saimmeko omamme takaisin?,3401,18,a,Saimmeko omamme takaisin?
37,Saimmeko omamme takaisin?,3493,19,k,Saimmeko omamme takaisin?
37,Saimmeko omamme takaisin?,3649,20,a,Saimmeko omamme takaisin?
37,Saimmeko omamme takaisin?,3743,21,i,Saimmeko omamme takaisin?
37,Saimmeko omamme takaisin?,3930,22,s,Saimmeko omamme takaisin?
37,Saimmeko omamme takaisin?,3993,23,i,Saimmeko omamme takaisin?
37,Saimmeko omamme takaisin?,4148,24,n,Saimmeko omamme takaisin?
37,Saimmeko omamme takaisin?,4554,25,Shift_L,Saimmeko omamme takaisin?
37,Saimmeko omamme takaisin?,4804,26,question,Saimmeko omamme takaisin?
38,Ota mitä vain voit.,0,0,Shift_L,Ota mitä vain voit.
38,Ota mitä vain voit.,125,1,O,Ota mitä vain voit.
38,Ota mitä vain voit.,592,2,t,Ota mitä vain voit.
38,Ota mitä vain voit.,687,3,a,Ota mitä vain voit.
38,Ota mitä vain voit.,1029,4,space,Ota mitä vain voit.
38,Ota mitä vain voit.,1217,5,m,Ota mitä vain voit.
38,Ota mitä vain voit.,1373,6,i,Ota mitä vain voit.
38,Ota mitä vain voit.,1529,7,t,Ota mitä vain voit.
38,Ota mitä vain voit.,1684,8,adiaeresis,Ota mitä vain voit.
38,Ota mitä vain voit.,2246,9,space,Ota mitä vain voit.
38,Ota mitä vain voit.,2434,10,v,Ota mitä vain voit.
38,Ota mitä vain voit.,2559,11,a,Ota mitä vain voit.
38,Ota mitä vain voit.,2651,12,i,Ota mitä vain voit.
38,Ota mitä vain voit.,2996,13,n,Ota mitä vain voit.
38,Ota mitä vain voit.,3213,14,space,Ota mitä vain voit.
38,Ota mitä vain voit.,3338,15,v,Ota mitä vain voit.
38,Ota mitä vain voit.,3463,16,o,Ota mitä vain voit.
38,Ota mitä vain voit.,3556,17,i,Ota mitä vain voit.
38,Ota mitä vain voit.,3713,18,t,Ota mitä vain voit.
38,Ota mitä vain voit.,3931,19,period,Ota mitä vain voit.
39,Torstai sopii minulle paremmin.,0,0,Shift_L,Torstai sopii minulle paremmin.
39,Torstai sopii minulle paremmin.,374,1,T,Torstai sopii minulle paremmin.
39,Torstai sopii minulle paremmin.,685,2,o,Torstai sopii minulle paremmin.
39,Torstai sopii minulle paremmin.,842,3,r,Torstai sopii minulle paremmin.
39,Torstai sopii minulle paremmin.,1309,4,s,Torstai sopii minulle paremmin.
39,Torstai sopii minulle paremmin.,1591,5,t,Torstai sopii minulle paremmin.
39,Torstai sopii minulle paremmin.,1684,6,a,Torstai sopii minulle paremmin.
39,Torstai sopii minulle paremmin.,1871,7,i,Torstai sopii minulle paremmin.
39,Torstai sopii minulle paremmin.,2151,8,space,Torstai sopii minulle paremmin.
39,Torstai sopii minulle paremmin.,2371,9,s,Torstai sopii minulle paremmin.
39,Torstai sopii minulle paremmin.,2496,10,o,Torstai sopii minulle paremmin.
39,Torstai sopii minulle paremmin.,2651,11,p,Torstai sopii minulle paremmin.
39,Torstai sopii minulle paremmin.,2744,12,i,Torstai sopii minulle paremmin.
39,Torstai sopii minulle paremmin.,2901,13,i,Torstai sopii minulle paremmin.
39,Torstai sopii minulle paremmin.,3119,14,space,Torstai sopii minulle paremmin.
39,Torstai sopii minulle paremmin.,3306,15,m,Torstai sopii minulle paremmin.
39,Torstai sopii minulle paremmin.,3524,16,i,Torstai sopii minulle paremmin.
39,Torstai sopii minulle paremmin.,3711,17,n,Torstai sopii minulle paremmin.
39,Torstai sopii minulle paremmin.,3930,18,u,Torstai sopii minulle paremmin.
39,Torstai sopii minulle paremmin.,4086,19,l,Torstai sopii minulle paremmin.
39,Torstai sopii minulle paremmin.,4273,20,l,Torstai sopii minulle paremmin.
39,Torstai sopii minulle paremmin.,4368,21,e,Torstai sopii minulle paremmin.
39,Torstai sopii minulle paremmin.,4491,22,space,Torstai sopii minulle paremmin.
39,Torstai sopii minulle paremmin.,4680,23,p,Torstai sopii minulle paremmin.
39,Torstai sopii minulle paremmin.,5178,24,a,Torstai sopii minulle paremmin.
39,Torstai sopii minulle paremmin.,5335,25,r,Torstai sopii minulle paremmin.
39,Torstai sopii minulle paremmin.,5460,26,e,Torstai sopii minulle paremmin.
39,Torstai sopii minulle paremmin.,5583,27,m,Torstai sopii minulle paremmin.
39,Torstai sopii minulle paremmin.,5772,28,m,Torstai sopii minulle paremmin.
39,Torstai sopii minulle paremmin.,5927,29,i,Torstai sopii minulle paremmin.
39,Torstai sopii minulle paremmin.,6083,30,n,Torstai sopii minulle paremmin.
39,Torstai sopii minulle paremmin.,6800,31,comma,Torstai sopii minulle paremmin.
39,Torstai sopii minulle paremmin.,7299,32,BackSpace,Torstai sopii minulle paremmin.
39,Torstai sopii minulle paremmin.,7831,33,period,Torstai sopii minulle paremmin.
40,Pitääkö meidän jutella?,0,0,Shift_L,Pitääkö meidän jutella?
40,Pitääkö meidän jutella?,250,1,P,Pitääkö meidän jutella?
40,Pitääkö meidän jutella?,436,2,i,Pitääkö meidän jutella?
40,Pitääkö meidän jutella?,686,3,t,Pitääkö meidän jutella?
40,Pitääkö meidän jutella?,1528,4,adiaeresis,Pitääkö meidän jutella?
40,Pitääkö meidän jutella?,1684,5,adiaeresis,Pitääkö meidän jutella?
40,Pitääkö meidän jutella?,1934,6,k,Pitääkö meidän jutella?
40,Pitääkö meidän jutella?,2121,7,odiaeresis,Pitääkö meidän jutella?
40,Pitääkö meidän jutella?,2246,8,space,Pitääkö meidän jutella?
40,Pitääkö meidän jutella?,2464,9,m,Pitääkö meidän jutella?
40,Pitääkö meidän jutella?,2589,10,e,Pitääkö meidän jutella?
40,Pitääkö meidän jutella?,2745,11,i,Pitääkö meidän jutella?
40,Pitääkö meidän jutella?,2932,12,d,Pitääkö meidän jutella?
40,Pitääkö meidän jutella?,3057,13,adiaeresis,Pitääkö meidän jutella?
40,Pitääkö meidän jutella?,3338,14,n,Pitääkö meidän jutella?
40,Pitääkö meidän jutella?,3494,15,space,Pitääkö meidän jutella?
40,Pitääkö meidän jutella?,3775,16,j,Pitääkö meidän jutella?
40,Pitääkö meidän jutella?,3962,17,u,Pitääkö meidän jutella?
40,Pitääkö meidän jutella?,4087,18,t,Pitääkö meidän jutella?
40,Pitääkö meidän jutella?,4211,19,e,Pitääkö meidän jutella?
40,Pitääkö meidän jutella?,4336,20,l,Pitääkö meidän jutella?
40,Pitääkö meidän jutella?,4492,21,l,Pitääkö meidän jutella?
40,Pitääkö meidän jutella?,4648,22,a,Pitääkö meidän jutella?
40,Pitääkö meidän jutella?,5023,23,Shift_L,Pitääkö meidän jutella?
40,Pitääkö meidän jutella?,5210,24,question,Pitääkö meidän jutella?
41,Hyvää lomaa sinullekin.,0,0,Shift_L,Hyvää lomaa sinullekin.
41,Hyvää lomaa sinullekin.,344,1,H,Hyvää lomaa sinullekin.
41,Hyvää lomaa sinullekin.,531,2,y,Hyvää lomaa sinullekin.
41,Hyvää lomaa sinullekin.,749,3,v,Hyvää lomaa sinullekin.
41,Hyvää lomaa sinullekin.,843,4,adiaeresis,Hyvää lomaa sinullekin.
41,Hyvää lomaa sinullekin.,1061,5,adiaeresis,Hyvää lomaa sinullekin.
41,Hyvää lomaa sinullekin.,1217,6,space,Hyvää lomaa sinullekin.
41,Hyvää lomaa sinullekin.,1373,7,l,Hyvää lomaa sinullekin.
41,Hyvää lomaa sinullekin.,1560,8,o,Hyvää lomaa sinullekin.
41,Hyvää lomaa sinullekin.,1779,9,m,Hyvää lomaa sinullekin.
41,Hyvää lomaa sinullekin.,2028,10,a,Hyvää lomaa sinullekin.
41,Hyvää lomaa sinullekin.,2246,11,a,Hyvää lomaa sinullekin.
41,Hyvää lomaa sinullekin.,2434,12,space,Hyvää lomaa sinullekin.
41,Hyvää lomaa sinullekin.,2621,13,s,Hyvää lomaa sinullekin.
41,Hyvää lomaa sinullekin.,2746,14,i,Hyvää lomaa sinullekin.
41,Hyvää lomaa sinullekin.,2933,15,n,Hyvää lomaa sinullekin.
41,Hyvää lomaa sinullekin.,3245,16,u,Hyvää lomaa sinullekin.
41,Hyvää lomaa sinullekin.,3526,17,l,Hyvää lomaa sinullekin.
41,Hyvää lomaa sinullekin.,3682,18,l,Hyvää lomaa sinullekin.
41,Hyvää lomaa sinullekin.,3838,19,e,Hyvää lomaa sinullekin.
41,Hyvää lomaa sinullekin.,3900,20,k,Hyvää lomaa sinullekin.
41,Hyvää lomaa sinullekin.,4088,21,i,Hyvää lomaa sinullekin.
41,Hyvää lomaa sinullekin.,4275,22,n,Hyvää lomaa sinullekin.
41,Hyvää lomaa sinullekin.,4899,23,period,Hyvää lomaa sinullekin.
42,Kuinka voit?,0,0,Shift_L,Kuinka voit?
42,Kuinka voit?,156,1,K,Kuinka voit?
42,Kuinka voit?,467,2,u,Kuinka voit?
42,Kuinka voit?,561,3,i,Kuinka voit?
42,Kuinka voit?,717,4,n,Kuinka voit?
42,Kuinka voit?,811,5,k,Kuinka voit?
42,Kuinka voit?,967,6,a,Kuinka voit?
42,Kuinka voit?,1092,7,space,Kuinka voit?
42,Kuinka voit?,1404,8,v,Kuinka voit?
42,Kuinka voit?,1496,9,o,Kuinka voit?
42,Kuinka voit?,1621,10,i,Kuinka voit?
42,Kuinka voit?,1746,11,t,Kuinka voit?
42,Kuinka voit?,2184,12,Shift_L,Kuinka voit?
42,Kuinka voit?,2401,13,question,Kuinka voit?
43,Aioin osallistua,0,0,Shift_L,Aioin osallistua
43,Aioin osallistua,249,1,A,Aioin osallistua
43,Aioin osallistua,655,2,o,Aioin osallistua
43,Aioin osallistua,1404,3,BackSpace,Aioin osallistua
43,Aioin osallistua,1747,4,i,Aioin osallistua
43,Aioin osallistua,1934,5,o,Aioin osallistua
43,Aioin osallistua,2028,6,i,Aioin osallistua
43,Aioin osallistua,2371,7,n,Aioin osallistua
43,Aioin osallistua,2713,8,space,Aioin osallistua
43,Aioin osallistua,3057,9,o,Aioin osallistua
43,Aioin osallistua,3213,10,s,Aioin osallistua
43,Aioin osallistua,3338,11,a,Aioin osallistua
43,Aioin osallistua,3494,12,l,Aioin osallistua
43,Aioin osallistua,3650,13,l,Aioin osallistua
43,Aioin osallistua,3837,14,i,Aioin osallistua
43,Aioin osallistua,3837,15,s,Aioin osallistua
43,Aioin osallistua,4055,16,t,Aioin osallistua
43,Aioin osallistua,4243,17,u,Aioin osallistua
43,Aioin osallistua,4524,18,a,Aioin osallistua
44,Onko hän valmis vielä?,0,0,Shift_L,Onko hän valmis vielä?
44,Onko hän valmis vielä?,62,1,O,Onko hän valmis vielä?
44,Onko hän valmis vielä?,249,2,n,Onko hän valmis vielä?
44,Onko hän valmis vielä?,374,3,k,Onko hän valmis vielä?
44,Onko hän valmis vielä?,561,4,o,Onko hän valmis vielä?
44,Onko hän valmis vielä?,717,5,space,Onko hän valmis vielä?
44,Onko hän valmis vielä?,904,6,h,Onko hän valmis vielä?
44,Onko hän valmis vielä?,1092,7,adiaeresis,Onko hän valmis vielä?
44,Onko hän valmis vielä?,1309,8,n,Onko hän valmis vielä?
44,Onko hän valmis vielä?,1466,9,space,Onko hän valmis vielä?
44,Onko hän valmis vielä?,1653,10,v,Onko hän valmis vielä?
44,Onko hän valmis vielä?,1746,11,a,Onko hän valmis vielä?
44,Onko hän valmis vielä?,1809,12,l,Onko hän valmis vielä?
44,Onko hän valmis vielä?,2028,13,m,Onko hän valmis vielä?
44,Onko hän valmis vielä?,2151,14,i,Onko hän valmis vielä?
44,Onko hän valmis vielä?,2276,15,s,Onko hän valmis vielä?
44,Onko hän valmis vielä?,2496,16,space,Onko hän valmis vielä?
44,Onko hän valmis vielä?,2995,17,v,Onko hän valmis vielä?
44,Onko hän valmis vielä?,3056,18,i,Onko hän valmis vielä?
44,Onko hän valmis vielä?,3276,19,e,Onko hän valmis vielä?
44,Onko hän valmis vielä?,3338,20,l,Onko hän valmis vielä?
44,Onko hän valmis vielä?,3588,21,adiaeresis,Onko hän valmis vielä?
44,Onko hän valmis vielä?,3961,22,Shift_L,Onko hän valmis vielä?
44,Onko hän valmis vielä?,4118,23,question,Onko hän valmis vielä?
45,Voimme juoda viiniä ja jakaa kuulumisia.,0,0,Shift_L,Voimme juoda viiniä ja jakaa kuulumisia.
45,Voimme juoda viiniä ja jakaa kuulumisia.,187,1,V,Voimme juoda viiniä ja jakaa kuulumisia.
45,Voimme juoda viiniä ja jakaa kuulumisia.,374,2,o,Voimme juoda viiniä ja jakaa kuulumisia.
45,Voimme juoda viiniä ja jakaa kuulumisia.,437,3,i,Voimme juoda viiniä ja jakaa kuulumisia.
45,Voimme juoda viiniä ja jakaa kuulumisia.,654,4,m,Voimme juoda viiniä ja jakaa kuulumisia.
45,Voimme juoda viiniä ja jakaa kuulumisia.,810,5,m,Voimme juoda viiniä ja jakaa kuulumisia.
45,Voimme juoda viiniä ja jakaa kuulumisia.,904,6,e,Voimme juoda viiniä ja jakaa kuulumisia.
45,Voimme juoda viiniä ja jakaa kuulumisia.,1060,7,space,Voimme juoda viiniä ja jakaa kuulumisia.
45,Voimme juoda viiniä ja jakaa kuulumisia.,1342,8,i,Voimme juoda viiniä ja jakaa kuulumisia.
45,Voimme juoda viiniä ja jakaa kuulumisia.,1466,9,o,Voimme juoda viiniä ja jakaa kuulumisia.
45,Voimme juoda viiniä ja jakaa kuulumisia.,1841,10,BackSpace,Voimme juoda viiniä ja jakaa kuulumisia.
45,Voimme juoda viiniä ja jakaa kuulumisia.,1966,11,BackSpace,Voimme juoda viiniä ja jakaa kuulumisia.
45,Voimme juoda viiniä ja jakaa kuulumisia.,2589,12,j,Voimme juoda viiniä ja jakaa kuulumisia.
45,Voimme juoda viiniä ja jakaa kuulumisia.,2838,13,u,Voimme juoda viiniä ja jakaa kuulumisia.
45,Voimme juoda viiniä ja jakaa kuulumisia.,2933,14,o,Voimme juoda viiniä ja jakaa kuulumisia.
45,Voimme juoda viiniä ja jakaa kuulumisia.,3119,15,d,Voimme juoda viiniä ja jakaa kuulumisia.
45,Voimme juoda viiniä ja jakaa kuulumisia.,3244,16,e,Voimme juoda viiniä ja jakaa kuulumisia.
45,Voimme juoda viiniä ja jakaa kuulumisia.,3838,17,BackSpace,Voimme juoda viiniä ja jakaa kuulumisia.
45,Voimme juoda viiniä ja jakaa kuulumisia.,4024,18,a,Voimme juoda viiniä ja jakaa kuulumisia.
45,Voimme juoda viiniä ja jakaa kuulumisia.,4149,19,space,Voimme juoda viiniä ja jakaa kuulumisia.
45,Voimme juoda viiniä ja jakaa kuulumisia.,4368,20,v,Voimme juoda viiniä ja jakaa kuulumisia.
45,Voimme juoda viiniä ja jakaa kuulumisia.,4430,21,i,Voimme juoda viiniä ja jakaa kuulumisia.
45,Voimme juoda viiniä ja jakaa kuulumisia.,4585,22,i,Voimme juoda viiniä ja jakaa kuulumisia.
45,Voimme juoda viiniä ja jakaa kuulumisia.,4805,23,n,Voimme juoda viiniä ja jakaa kuulumisia.
45,Voimme juoda viiniä ja jakaa kuulumisia.,5023,24,i,Voimme juoda viiniä ja jakaa kuulumisia.
45,Voimme juoda viiniä ja jakaa kuulumisia.,5241,25,adiaeresis,Voimme juoda viiniä ja jakaa kuulumisia.
45,Voimme juoda viiniä ja jakaa kuulumisia.,5490,26,space,Voimme juoda viiniä ja jakaa kuulumisia.
45,Voimme juoda viiniä ja jakaa kuulumisia.,5615,27,j,Voimme juoda viiniä ja jakaa kuulumisia.
45,Voimme juoda viiniä ja jakaa kuulumisia.,5772,28,a,Voimme juoda viiniä ja jakaa kuulumisia.
45,Voimme juoda viiniä ja jakaa kuulumisia.,5865,29,space,Voimme juoda viiniä ja jakaa kuulumisia.
45,Voimme juoda viiniä ja jakaa kuulumisia.,6083,30,j,Voimme juoda viiniä ja jakaa kuulumisia.
45,Voimme juoda viiniä ja jakaa kuulumisia.,6270,31,a,Voimme juoda viiniä ja jakaa kuulumisia.
45,Voimme juoda viiniä ja jakaa kuulumisia.,6427,32,k,Voimme juoda viiniä ja jakaa kuulumisia.
45,Voimme juoda viiniä ja jakaa kuulumisia.,6582,33,a,Voimme juoda viiniä ja jakaa kuulumisia.
45,Voimme juoda viiniä ja jakaa kuulumisia.,6769,34,a,Voimme juoda viiniä ja jakaa kuulumisia.
45,Voimme juoda viiniä ja jakaa kuulumisia.,6925,35,space,Voimme juoda viiniä ja jakaa kuulumisia.
45,Voimme juoda viiniä ja jakaa kuulumisia.,7082,36,k,Voimme juoda viiniä ja jakaa kuulumisia.
45,Voimme juoda viiniä ja jakaa kuulumisia.,7269,37,u,Voimme juoda viiniä ja jakaa kuulumisia.
45,Voimme juoda viiniä ja jakaa kuulumisia.,7457,38,u,Voimme juoda viiniä ja jakaa kuulumisia.
45,Voimme juoda viiniä ja jakaa kuulumisia.,7612,39,l,Voimme juoda viiniä ja jakaa kuulumisia.
45,Voimme juoda viiniä ja jakaa kuulumisia.,7737,40,u,Voimme juoda viiniä ja jakaa kuulumisia.
45,Voimme juoda viiniä ja jakaa kuulumisia.,7986,41,m,Voimme juoda viiniä ja jakaa kuulumisia.
45,Voimme juoda viiniä ja jakaa kuulumisia.,8174,42,i,Voimme juoda viiniä ja jakaa kuulumisia.
45,Voimme juoda viiniä ja jakaa kuulumisia.,8486,43,s,Voimme juoda viiniä ja jakaa kuulumisia.
45,Voimme juoda viiniä ja jakaa kuulumisia.,8674,44,i,Voimme juoda viiniä ja jakaa kuulumisia.
45,Voimme juoda viiniä ja jakaa kuulumisia.,8891,45,a,Voimme juoda viiniä ja jakaa kuulumisia.
45,Voimme juoda viiniä ja jakaa kuulumisia.,9266,46,period,Voimme juoda viiniä ja jakaa kuulumisia.
46,Mikä on vialla?,0,0,Shift_L,Mikä on vialla?
46,Mikä on vialla?,499,1,Shift_L,Mikä on vialla?
46,Mikä on vialla?,624,2,M,Mikä on vialla?
46,Mikä on vialla?,810,3,i,Mikä on vialla?
46,Mikä on vialla?,967,4,k,Mikä on vialla?
46,Mikä on vialla?,1154,5,adiaeresis,Mikä on vialla?
46,Mikä on vialla?,1309,6,space,Mikä on vialla?
46,Mikä on vialla?,1466,7,o,Mikä on vialla?
46,Mikä on vialla?,1684,8,n,Mikä on vialla?
46,Mikä on vialla?,1777,9,space,Mikä on vialla?
46,Mikä on vialla?,1964,10,v,Mikä on vialla?
46,Mikä on vialla?,2089,11,i,Mikä on vialla?
46,Mikä on vialla?,2276,12,a,Mikä on vialla?
46,Mikä on vialla?,2401,13,l,Mikä on vialla?
46,Mikä on vialla?,2557,14,l,Mikä on vialla?
46,Mikä on vialla?,2713,15,a,Mikä on vialla?
46,Mikä on vialla?,3088,16,Shift_L,Mikä on vialla?
46,Mikä on vialla?,3431,17,question,Mikä on vialla?
47,Käyttäydytkö lapsellisesti?,0,0,Shift_L,Käyttäydytkö lapsellisesti?
47,Käyttäydytkö lapsellisesti?,279,1,L,Käyttäydytkö lapsellisesti?
47,Käyttäydytkö lapsellisesti?,779,2,adiaeresis,Käyttäydytkö lapsellisesti?
47,Käyttäydytkö lapsellisesti?,1278,3,BackSpace,Käyttäydytkö lapsellisesti?
47,Käyttäydytkö lapsellisesti?,1403,4,BackSpace,Käyttäydytkö lapsellisesti?
47,Käyttäydytkö lapsellisesti?,1777,5,Shift_L,Käyttäydytkö lapsellisesti?
47,Käyttäydytkö lapsellisesti?,1964,6,K,Käyttäydytkö lapsellisesti?
47,Käyttäydytkö lapsellisesti?,2184,7,adiaeresis,Käyttäydytkö lapsellisesti?
47,Käyttäydytkö lapsellisesti?,2557,8,y,Käyttäydytkö lapsellisesti?
47,Käyttäydytkö lapsellisesti?,2807,9,t,Käyttäydytkö lapsellisesti?
47,Käyttäydytkö lapsellisesti?,2994,10,t,Käyttäydytkö lapsellisesti?
47,Käyttäydytkö lapsellisesti?,3181,11,adiaeresis,Käyttäydytkö lapsellisesti?
47,Käyttäydytkö lapsellisesti?,3431,12,y,Käyttäydytkö lapsellisesti?
47,Käyttäydytkö lapsellisesti?,3992,13,d,Käyttäydytkö lapsellisesti?
47,Käyttäydytkö lapsellisesti?,4460,14,y,Käyttäydytkö lapsellisesti?
47,Käyttäydytkö lapsellisesti?,4648,15,t,Käyttäydytkö lapsellisesti?
47,Käyttäydytkö lapsellisesti?,4803,16,k,Käyttäydytkö lapsellisesti?
47,Käyttäydytkö lapsellisesti?,5521,17,odiaeresis,Käyttäydytkö lapsellisesti?
47,Käyttäydytkö lapsellisesti?,5646,18,space,Käyttäydytkö lapsellisesti?
47,Käyttäydytkö lapsellisesti?,6488,19,l,Käyttäydytkö lapsellisesti?
47,Käyttäydytkö lapsellisesti?,6644,20,a,Käyttäydytkö lapsellisesti?
47,Käyttäydytkö lapsellisesti?,6738,21,p,Käyttäydytkö lapsellisesti?
47,Käyttäydytkö lapsellisesti?,6894,22,s,Käyttäydytkö lapsellisesti?
47,Käyttäydytkö lapsellisesti?,7019,23,e,Käyttäydytkö lapsellisesti?
47,Käyttäydytkö lapsellisesti?,7175,24,l,Käyttäydytkö lapsellisesti?
47,Käyttäydytkö lapsellisesti?,7332,25,l,Käyttäydytkö lapsellisesti?
47,Käyttäydytkö lapsellisesti?,7518,26,i,Käyttäydytkö lapsellisesti?
47,Käyttäydytkö lapsellisesti?,7736,27,s,Käyttäydytkö lapsellisesti?
47,Käyttäydytkö lapsellisesti?,7861,28,e,Käyttäydytkö lapsellisesti?
47,Käyttäydytkö lapsellisesti?,8048,29,s,Käyttäydytkö lapsellisesti?
47,Käyttäydytkö lapsellisesti?,8204,30,t,Käyttäydytkö lapsellisesti?
47,Käyttäydytkö lapsellisesti?,8423,31,i,Käyttäydytkö lapsellisesti?
47,Käyttäydytkö lapsellisesti?,8828,32,Shift_L,Käyttäydytkö lapsellisesti?
47,Käyttäydytkö lapsellisesti?,9047,33,question,Käyttäydytkö lapsellisesti?
48,Mitä sinä kuulet?,0,0,Shift_L,Mitä sinä kuulet?
48,Mitä sinä kuulet?,155,1,M,Mitä sinä kuulet?
48,Mitä sinä kuulet?,374,2,i,Mitä sinä kuulet?
48,Mitä sinä kuulet?,561,3,t,Mitä sinä kuulet?
48,Mitä sinä kuulet?,749,4,adiaeresis,Mitä sinä kuulet?
48,Mitä sinä kuulet?,967,5,space,Mitä sinä kuulet?
48,Mitä sinä kuulet?,1341,6,s,Mitä sinä kuulet?
48,Mitä sinä kuulet?,1621,7,i,Mitä sinä kuulet?
48,Mitä sinä kuulet?,1809,8,n,Mitä sinä kuulet?
48,Mitä sinä kuulet?,2027,9,adiaeresis,Mitä sinä kuulet?
48,Mitä sinä kuulet?,2214,10,space,Mitä sinä kuulet?
48,Mitä sinä kuulet?,2683,11,j,Mitä sinä kuulet?
48,Mitä sinä kuulet?,2683,12,k,Mitä sinä kuulet?
48,Mitä sinä kuulet?,3088,13,BackSpace,Mitä sinä kuulet?
48,Mitä sinä kuulet?,3244,14,BackSpace,Mitä sinä kuulet?
48,Mitä sinä kuulet?,3743,15,k,Mitä sinä kuulet?
48,Mitä sinä kuulet?,3930,16,u,Mitä sinä kuulet?
48,Mitä sinä kuulet?,4086,17,u,Mitä sinä kuulet?
48,Mitä sinä kuulet?,4273,18,l,Mitä sinä kuulet?
48,Mitä sinä kuulet?,4460,19,e,Mitä sinä kuulet?
48,Mitä sinä kuulet?,4710,20,t,Mitä sinä kuulet?
48,Mitä sinä kuulet?,5210,21,Shift_L,Mitä sinä kuulet?
48,Mitä sinä kuulet?,5460,22,question,Mitä sinä kuulet?
49,Tarvitsetko sen tänään?,0,0,Shift_L,Tarvitsetko sen tänään?
49,Tarvitsetko sen tänään?,187,1,T,Tarvitsetko sen tänään?
49,Tarvitsetko sen tänään?,468,2,a,Tarvitsetko sen tänään?
49,Tarvitsetko sen tänään?,624,3,r,Tarvitsetko sen tänään?
49,Tarvitsetko sen tänään?,904,4,v,Tarvitsetko sen tänään?
49,Tarvitsetko sen tänään?,1060,5,i,Tarvitsetko sen tänään?
49,Tarvitsetko sen tänään?,1060,6,o,Tarvitsetko sen tänään?
49,Tarvitsetko sen tänään?,1248,7,t,Tarvitsetko sen tänään?
49,Tarvitsetko sen tänään?,1528,8,BackSpace,Tarvitsetko sen tänään?
49,Tarvitsetko sen tänään?,1621,9,BackSpace,Tarvitsetko sen tänään?
49,Tarvitsetko sen tänään?,1809,10,t,Tarvitsetko sen tänään?
49,Tarvitsetko sen tänään?,2059,11,s,Tarvitsetko sen tänään?
49,Tarvitsetko sen tänään?,2184,12,e,Tarvitsetko sen tänään?
49,Tarvitsetko sen tänään?,2433,13,t,Tarvitsetko sen tänään?
49,Tarvitsetko sen tänään?,2652,14,k,Tarvitsetko sen tänään?
49,Tarvitsetko sen tänään?,2901,15,o,Tarvitsetko sen tänään?
49,Tarvitsetko sen tänään?,3026,16,space,Tarvitsetko sen tänään?
49,Tarvitsetko sen tänään?,3151,17,s,Tarvitsetko sen tänään?
49,Tarvitsetko sen tänään?,3244,18,e,Tarvitsetko sen tänään?
49,Tarvitsetko sen tänään?,3400,19,n,Tarvitsetko sen tänään?
49,Tarvitsetko sen tänään?,3525,20,space,Tarvitsetko sen tänään?
49,Tarvitsetko sen tänään?,3650,21,t,Tarvitsetko sen tänään?
49,Tarvitsetko sen tänään?,3993,22,adiaeresis,Tarvitsetko sen tänään?
49,Tarvitsetko sen tänään?,4305,23,n,Tarvitsetko sen tänään?
49,Tarvitsetko sen tänään?,4461,24,adiaeresis,Tarvitsetko sen tänään?
49,Tarvitsetko sen tänään?,4617,25,adiaeresis,Tarvitsetko sen tänään?
49,Tarvitsetko sen tänään?,4804,26,n,Tarvitsetko sen tänään?
49,Tarvitsetko sen tänään?,5148,27,Shift_L,Tarvitsetko sen tänään?
49,Tarvitsetko sen tänään?,5427,28,question,Tarvitsetko sen tänään?
