participant,condition,total.money,trial.number,trial.money,exploded,pumps,life
1,expansive,910,0,62,0,62,72
1,expansive,910,1,0,1,27,27
1,expansive,910,2,47,0,47,98
1,expansive,910,3,0,1,86,86
1,expansive,910,4,60,0,60,104
1,expansive,910,5,0,1,26,26
1,expansive,910,6,0,1,17,17
1,expansive,910,7,31,0,31,49
1,expansive,910,8,48,0,48,56
1,expansive,910,9,91,0,91,106
1,expansive,910,10,95,0,95,105
1,expansive,910,11,0,1,49,49
1,expansive,910,12,0,1,65,65
1,expansive,910,13,0,1,39,39
1,expansive,910,14,35,0,35,66
1,expansive,910,15,61,0,61,67
1,expansive,910,16,0,1,59,59
1,expansive,910,17,0,1,18,18
1,expansive,910,18,32,0,32,106
1,expansive,910,19,56,0,56,87
1,expansive,910,20,69,0,69,107
1,expansive,910,21,0,1,26,26
1,expansive,910,22,49,0,49,55
1,expansive,910,23,0,1,14,14
1,expansive,910,24,46,0,46,115
1,expansive,910,25,70,0,70,88
1,expansive,910,26,0,1,34,34
1,expansive,910,27,0,1,33,33
1,expansive,910,28,58,0,58,73
1,expansive,910,29,0,1,86,86
2,constrictive,756,0,4,0,4,72
2,constrictive,756,1,15,0,15,27
2,constrictive,756,2,25,0,25,98
2,constrictive,756,3,43,0,43,86
2,constrictive,756,4,59,0,59,104
2,constrictive,756,5,0,1,26,26
2,constrictive,756,6,0,1,17,17
2,constrictive,756,7,13,0,13,49
2,constrictive,756,8,24,0,24,56
2,constrictive,756,9,40,0,40,106
2,constrictive,756,10,50,0,50,105
2,constrictive,756,11,0,1,49,49
2,constrictive,756,12,40,0,40,65
2,constrictive,756,13,0,1,39,39
2,constrictive,756,14,28,0,28,66
2,constrictive,756,15,43,0,43,67
2,constrictive,756,16,43,0,43,59
2,constrictive,756,17,0,1,18,18
2,constrictive,756,18,56,0,56,106
2,constrictive,756,19,21,0,21,87
2,constrictive,756,20,45,0,45,107
2,constrictive,756,21,0,1,26,26
2,constrictive,756,22,0,1,55,55
2,constrictive,756,23,0,1,14,14
2,constrictive,756,24,40,0,40,115
2,constrictive,756,25,45,0,45,88
2,constrictive,756,26,21,0,21,34
2,constrictive,756,27,30,0,30,33
2,constrictive,756,28,28,0,28,73
2,constrictive,756,29,43,0,43,86
3,expansive,786,0,0,1,72,72
3,expansive,786,1,0,1,27,27
3,expansive,786,2,70,0,70,98
3,expansive,786,3,0,1,86,86
3,expansive,786,4,65,0,65,104
3,expansive,786,5,0,1,26,26
3,expansive,786,6,0,1,17,17
3,expansive,786,7,0,1,49,49
3,expansive,786,8,44,0,44,56
3,expansive,786,9,65,0,65,106
3,expansive,786,10,59,0,59,105
3,expansive,786,11,0,1,49,49
3,expansive,786,12,0,1,65,65
3,expansive,786,13,0,1,39,39
3,expansive,786,14,53,0,53,66
3,expansive,786,15,0,1,67,67
3,expansive,786,16,0,1,59,59
3,expansive,786,17,0,1,18,18
3,expansive,786,18,60,0,60,106
3,expansive,786,19,64,0,64,87
3,expansive,786,20,85,0,85,107
3,expansive,786,21,0,1,26,26
3,expansive,786,22,0,1,55,55
3,expansive,786,23,0,1,14,14
3,expansive,786,24,71,0,71,115
3,expansive,786,25,0,1,88,88
3,expansive,786,26,0,1,34,34
3,expansive,786,27,0,1,33,33
3,expansive,786,28,67,0,67,73
3,expansive,786,29,83,0,83,86
4,constrictive,699,0,29,0,29,72
4,constrictive,699,1,0,1,27,27
4,constrictive,699,2,20,0,20,98
4,constrictive,699,3,28,0,28,86
4,constrictive,699,4,34,0,34,104
4,constrictive,699,5,0,1,26,26
4,constrictive,699,6,0,1,17,17
4,constrictive,699,7,11,0,11,49
4,constrictive,699,8,20,0,20,56
4,constrictive,699,9,30,0,30,106
4,constrictive,699,10,32,0,32,105
4,constrictive,699,11,32,0,32,49
4,constrictive,699,12,35,0,35,65
4,constrictive,699,13,0,1,39,39
4,constrictive,699,14,32,0,32,66
4,constrictive,699,15,36,0,36,67
4,constrictive,699,16,30,0,30,59
4,constrictive,699,17,0,1,18,18
4,constrictive,699,18,32,0,32,106
4,constrictive,699,19,33,0,33,87
4,constrictive,699,20,35,0,35,107
4,constrictive,699,21,0,1,26,26
4,constrictive,699,22,38,0,38,55
4,constrictive,699,23,0,1,14,14
4,constrictive,699,24,40,0,40,115
4,constrictive,699,25,44,0,44,88
4,constrictive,699,26,0,1,34,34
4,constrictive,699,27,28,0,28,33
4,constrictive,699,28,39,0,39,73
4,constrictive,699,29,41,0,41,86
5,expansive,969,0,61,0,61,72
5,expansive,969,1,0,1,27,27
5,expansive,969,2,60,0,60,98
5,expansive,969,3,85,0,85,86
5,expansive,969,4,86,0,86,104
5,expansive,969,5,0,1,26,26
5,expansive,969,6,0,1,17,17
5,expansive,969,7,36,0,36,49
5,expansive,969,8,53,0,53,56
5,expansive,969,9,72,0,72,106
5,expansive,969,10,100,0,100,105
5,expansive,969,11,0,1,49,49
5,expansive,969,12,0,1,65,65
5,expansive,969,13,0,1,39,39
5,expansive,969,14,28,0,28,66
5,expansive,969,15,49,0,49,67
5,expansive,969,16,0,1,59,59
5,expansive,969,17,0,1,18,18
5,expansive,969,18,34,0,34,106
5,expansive,969,19,59,0,59,87
5,expansive,969,20,70,0,70,107
5,expansive,969,21,0,1,26,26
5,expansive,969,22,26,0,26,55
5,expansive,969,23,0,1,14,14
5,expansive,969,24,56,0,56,115
5,expansive,969,25,41,0,41,88
5,expansive,969,26,0,1,34,34
5,expansive,969,27,0,1,33,33
5,expansive,969,28,19,0,19,73
5,expansive,969,29,34,0,34,86
6,constrictive,736,0,20,0,20,72
6,constrictive,736,1,0,1,27,27
6,constrictive,736,2,19,0,19,98
6,constrictive,736,3,29,0,29,86
6,constrictive,736,4,33,0,33,104
6,constrictive,736,5,0,1,26,26
6,constrictive,736,6,0,1,17,17
6,constrictive,736,7,38,0,38,49
6,constrictive,736,8,51,0,51,56
6,constrictive,736,9,56,0,56,106
6,constrictive,736,10,61,0,61,105
6,constrictive,736,11,0,1,49,49
6,constrictive,736,12,50,0,50,65
6,constrictive,736,13,0,1,39,39
6,constrictive,736,14,0,1,66,66
6,constrictive,736,15,57,0,57,67
6,constrictive,736,16,0,1,59,59
6,constrictive,736,17,0,1,18,18
6,constrictive,736,18,43,0,43,106
6,constrictive,736,19,51,0,51,87
6,constrictive,736,20,57,0,57,107
6,constrictive,736,21,0,1,26,26
6,constrictive,736,22,0,1,55,55
6,constrictive,736,23,0,1,14,14
6,constrictive,736,24,38,0,38,115
6,constrictive,736,25,62,0,62,88
6,constrictive,736,26,0,1,34,34
6,constrictive,736,27,0,1,33,33
6,constrictive,736,28,30,0,30,73
6,constrictive,736,29,41,0,41,86
7,expansive,702,0,16,0,16,72
7,expansive,702,1,0,1,27,27
7,expansive,702,2,20,0,20,98
7,expansive,702,3,29,0,29,86
7,expansive,702,4,37,0,37,104
7,expansive,702,5,0,1,26,26
7,expansive,702,6,0,1,17,17
7,expansive,702,7,22,0,22,49
7,expansive,702,8,25,0,25,56
7,expansive,702,9,27,0,27,106
7,expansive,702,10,26,0,26,105
7,expansive,702,11,29,0,29,49
7,expansive,702,12,0,1,65,65
7,expansive,702,13,0,1,39,39
7,expansive,702,14,35,0,35,66
7,expansive,702,15,43,0,43,67
7,expansive,702,16,45,0,45,59
7,expansive,702,17,0,1,18,18
7,expansive,702,18,40,0,40,106
7,expansive,702,19,51,0,51,87
7,expansive,702,20,60,0,60,107
7,expansive,702,21,0,1,26,26
7,expansive,702,22,0,1,55,55
7,expansive,702,23,0,1,14,14
7,expansive,702,24,34,0,34,115
7,expansive,702,25,41,0,41,88
7,expansive,702,26,0,1,34,34
7,expansive,702,27,30,0,30,33
7,expansive,702,28,37,0,37,73
7,expansive,702,29,55,0,55,86
8,constrictive,1046,0,58,0,58,72
8,constrictive,1046,1,0,1,27,27
8,constrictive,1046,2,48,0,48,98
8,constrictive,1046,3,27,0,27,86
8,constrictive,1046,4,63,0,63,104
8,constrictive,1046,5,0,1,26,26
8,constrictive,1046,6,0,1,17,17
8,constrictive,1046,7,45,0,45,49
8,constrictive,1046,8,55,0,55,56
8,constrictive,1046,9,67,0,67,106
8,constrictive,1046,10,66,0,66,105
8,constrictive,1046,11,0,1,49,49
8,constrictive,1046,12,52,0,52,65
8,constrictive,1046,13,0,1,39,39
8,constrictive,1046,14,0,1,66,66
8,constrictive,1046,15,57,0,57,67
8,constrictive,1046,16,57,0,57,59
8,constrictive,1046,17,0,1,18,18
8,constrictive,1046,18,69,0,69,106
8,constrictive,1046,19,72,0,72,87
8,constrictive,1046,20,89,0,89,107
8,constrictive,1046,21,0,1,26,26
8,constrictive,1046,22,0,1,55,55
8,constrictive,1046,23,0,1,14,14
8,constrictive,1046,24,74,0,74,115
8,constrictive,1046,25,73,0,73,88
8,constrictive,1046,26,0,1,34,34
8,constrictive,1046,27,0,1,33,33
8,constrictive,1046,28,0,1,73,73
8,constrictive,1046,29,74,0,74,86
9,expansive,833,0,48,0,48,72
9,expansive,833,1,0,1,27,27
9,expansive,833,2,19,0,19,98
9,expansive,833,3,28,0,28,86
9,expansive,833,4,43,0,43,104
9,expansive,833,5,0,1,26,26
9,expansive,833,6,0,1,17,17
9,expansive,833,7,15,0,15,49
9,expansive,833,8,24,0,24,56
9,expansive,833,9,42,0,42,106
9,expansive,833,10,47,0,47,105
9,expansive,833,11,0,1,49,49
9,expansive,833,12,35,0,35,65
9,expansive,833,13,35,0,35,39
9,expansive,833,14,55,0,55,66
9,expansive,833,15,59,0,59,67
9,expansive,833,16,0,1,59,59
9,expansive,833,17,0,1,18,18
9,expansive,833,18,28,0,28,106
9,expansive,833,19,48,0,48,87
9,expansive,833,20,47,0,47,107
9,expansive,833,21,0,1,26,26
9,expansive,833,22,37,0,37,55
9,expansive,833,23,0,1,14,14
9,expansive,833,24,44,0,44,115
9,expansive,833,25,62,0,62,88
9,expansive,833,26,0,1,34,34
9,expansive,833,27,0,1,33,33
9,expansive,833,28,50,0,50,73
9,expansive,833,29,67,0,67,86
10,constrictive,793,0,14,0,14,72
10,constrictive,793,1,24,0,24,27
10,constrictive,793,2,30,0,30,98
10,constrictive,793,3,42,0,42,86
10,constrictive,793,4,58,0,58,104
10,constrictive,793,5,0,1,26,26
10,constrictive,793,6,0,1,17,17
10,constrictive,793,7,17,0,17,49
10,constrictive,793,8,25,0,25,56
10,constrictive,793,9,27,0,27,106
10,constrictive,793,10,37,0,37,105
10,constrictive,793,11,39,0,39,49
10,constrictive,793,12,42,0,42,65
10,constrictive,793,13,0,1,39,39
10,constrictive,793,14,29,0,29,66
10,constrictive,793,15,37,0,37,67
10,constrictive,793,16,38,0,38,59
10,constrictive,793,17,0,1,18,18
10,constrictive,793,18,34,0,34,106
10,constrictive,793,19,39,0,39,87
10,constrictive,793,20,47,0,47,107
10,constrictive,793,21,0,1,26,26
10,constrictive,793,22,39,0,39,55
10,constrictive,793,23,0,1,14,14
10,constrictive,793,24,24,0,24,115
10,constrictive,793,25,44,0,44,88
10,constrictive,793,26,0,1,34,34
10,constrictive,793,27,26,0,26,33
10,constrictive,793,28,38,0,38,73
10,constrictive,793,29,43,0,43,86
11,expansive,463,0,16,0,16,72
11,expansive,463,1,0,1,27,27
11,expansive,463,2,15,0,15,98
11,expansive,463,3,18,0,18,86
11,expansive,463,4,17,0,17,104
11,expansive,463,5,15,0,15,26
11,expansive,463,6,14,0,14,17
11,expansive,463,7,16,0,16,49
11,expansive,463,8,15,0,15,56
11,expansive,463,9,16,0,16,106
11,expansive,463,10,19,0,19,105
11,expansive,463,11,21,0,21,49
11,expansive,463,12,16,0,16,65
11,expansive,463,13,19,0,19,39
11,expansive,463,14,26,0,26,66
11,expansive,463,15,18,0,18,67
11,expansive,463,16,20,0,20,59
11,expansive,463,17,16,0,16,18
11,expansive,463,18,16,0,16,106
11,expansive,463,19,17,0,17,87
11,expansive,463,20,19,0,19,107
11,expansive,463,21,22,0,22,26
11,expansive,463,22,18,0,18,55
11,expansive,463,23,0,1,14,14
11,expansive,463,24,10,0,10,115
11,expansive,463,25,10,0,10,88
11,expansive,463,26,13,0,13,34
11,expansive,463,27,15,0,15,33
11,expansive,463,28,12,0,12,73
11,expansive,463,29,14,0,14,86
12,constrictive,680,0,7,0,7,72
12,constrictive,680,1,16,0,16,27
12,constrictive,680,2,25,0,25,98
12,constrictive,680,3,29,0,29,86
12,constrictive,680,4,60,0,60,104
12,constrictive,680,5,0,1,26,26
12,constrictive,680,6,0,1,17,17
12,constrictive,680,7,6,0,6,49
12,constrictive,680,8,20,0,20,56
12,constrictive,680,9,30,0,30,106
12,constrictive,680,10,38,0,38,105
12,constrictive,680,11,17,0,17,49
12,constrictive,680,12,49,0,49,65
12,constrictive,680,13,0,1,39,39
12,constrictive,680,14,31,0,31,66
12,constrictive,680,15,50,0,50,67
12,constrictive,680,16,0,1,59,59
12,constrictive,680,17,0,1,18,18
12,constrictive,680,18,12,0,12,106
12,constrictive,680,19,44,0,44,87
12,constrictive,680,20,50,0,50,107
12,constrictive,680,21,0,1,26,26
12,constrictive,680,22,20,0,20,55
12,constrictive,680,23,0,1,14,14
12,constrictive,680,24,20,0,20,115
12,constrictive,680,25,30,0,30,88
12,constrictive,680,26,26,0,26,34
12,constrictive,680,27,30,0,30,33
12,constrictive,680,28,30,0,30,73
12,constrictive,680,29,40,0,40,86
13,expansive,714,0,17,0,17,72
13,expansive,714,1,24,0,24,27
13,expansive,714,2,27,0,27,98
13,expansive,714,3,42,0,42,86
13,expansive,714,4,64,0,64,104
13,expansive,714,5,0,1,26,26
13,expansive,714,6,0,1,17,17
13,expansive,714,7,11,0,11,49
13,expansive,714,8,21,0,21,56
13,expansive,714,9,23,0,23,106
13,expansive,714,10,30,0,30,105
13,expansive,714,11,41,0,41,49
13,expansive,714,12,41,0,41,65
13,expansive,714,13,0,1,39,39
13,expansive,714,14,27,0,27,66
13,expansive,714,15,28,0,28,67
13,expansive,714,16,38,0,38,59
13,expansive,714,17,0,1,18,18
13,expansive,714,18,28,0,28,106
13,expansive,714,19,29,0,29,87
13,expansive,714,20,37,0,37,107
13,expansive,714,21,0,1,26,26
13,expansive,714,22,32,0,32,55
13,expansive,714,23,0,1,14,14
13,expansive,714,24,32,0,32,115
13,expansive,714,25,27,0,27,88
13,expansive,714,26,0,1,34,34
13,expansive,714,27,31,0,31,33
13,expansive,714,28,29,0,29,73
13,expansive,714,29,35,0,35,86
14,constrictive,827,0,0,1,72,72
14,constrictive,827,1,0,1,27,27
14,constrictive,827,2,50,0,50,98
14,constrictive,827,3,62,0,62,86
14,constrictive,827,4,48,0,48,104
14,constrictive,827,5,0,1,26,26
14,constrictive,827,6,0,1,17,17
14,constrictive,827,7,0,1,49,49
14,constrictive,827,8,38,0,38,56
14,constrictive,827,9,49,0,49,106
14,constrictive,827,10,39,0,39,105
14,constrictive,827,11,0,1,49,49
14,constrictive,827,12,39,0,39,65
14,constrictive,827,13,0,1,39,39
14,constrictive,827,14,33,0,33,66
14,constrictive,827,15,48,0,48,67
14,constrictive,827,16,55,0,55,59
14,constrictive,827,17,0,1,18,18
14,constrictive,827,18,41,0,41,106
14,constrictive,827,19,51,0,51,87
14,constrictive,827,20,57,0,57,107
14,constrictive,827,21,0,1,26,26
14,constrictive,827,22,53,0,53,55
14,constrictive,827,23,0,1,14,14
14,constrictive,827,24,39,0,39,115
14,constrictive,827,25,45,0,45,88
14,constrictive,827,26,0,1,34,34
14,constrictive,827,27,0,1,33,33
14,constrictive,827,28,48,0,48,73
14,constrictive,827,29,32,0,32,86
15,expansive,536,0,21,0,21,72
15,expansive,536,1,20,0,20,27
15,expansive,536,2,26,0,26,98
15,expansive,536,3,18,0,18,86
15,expansive,536,4,26,0,26,104
15,expansive,536,5,23,0,23,26
15,expansive,536,6,0,1,17,17
15,expansive,536,7,19,0,19,49
15,expansive,536,8,17,0,17,56
15,expansive,536,9,19,0,19,106
15,expansive,536,10,19,0,19,105
15,expansive,536,11,23,0,23,49
15,expansive,536,12,21,0,21,65
15,expansive,536,13,25,0,25,39
15,expansive,536,14,23,0,23,66
15,expansive,536,15,23,0,23,67
15,expansive,536,16,24,0,24,59
15,expansive,536,17,0,1,18,18
15,expansive,536,18,14,0,14,106
15,expansive,536,19,12,0,12,87
15,expansive,536,20,12,0,12,107
15,expansive,536,21,19,0,19,26
15,expansive,536,22,18,0,18,55
15,expansive,536,23,0,1,14,14
15,expansive,536,24,17,0,17,115
15,expansive,536,25,18,0,18,88
15,expansive,536,26,16,0,16,34
15,expansive,536,27,24,0,24,33
15,expansive,536,28,18,0,18,73
15,expansive,536,29,21,0,21,86
16,expansive,526,0,17,0,17,72
16,expansive,526,1,22,0,22,27
16,expansive,526,2,15,0,15,98
16,expansive,526,3,19,0,19,86
16,expansive,526,4,26,0,26,104
16,expansive,526,5,0,1,26,26
16,expansive,526,6,0,1,17,17
16,expansive,526,7,15,0,15,49
16,expansive,526,8,15,0,15,56
16,expansive,526,9,17,0,17,106
16,expansive,526,10,20,0,20,105
16,expansive,526,11,16,0,16,49
16,expansive,526,12,20,0,20,65
16,expansive,526,13,27,0,27,39
16,expansive,526,14,20,0,20,66
16,expansive,526,15,14,0,14,67
16,expansive,526,16,27,0,27,59
16,expansive,526,17,0,1,18,18
16,expansive,526,18,15,0,15,106
16,expansive,526,19,15,0,15,87
16,expansive,526,20,25,0,25,107
16,expansive,526,21,14,0,14,26
16,expansive,526,22,12,0,12,55
16,expansive,526,23,0,1,14,14
16,expansive,526,24,21,0,21,115
16,expansive,526,25,21,0,21,88
16,expansive,526,26,21,0,21,34
16,expansive,526,27,23,0,23,33
16,expansive,526,28,47,0,47,73
16,expansive,526,29,22,0,22,86
17,constrictive,865,0,43,0,43,72
17,constrictive,865,1,0,1,27,27
17,constrictive,865,2,30,0,30,98
17,constrictive,865,3,41,0,41,86
17,constrictive,865,4,45,0,45,104
17,constrictive,865,5,0,1,26,26
17,constrictive,865,6,0,1,17,17
17,constrictive,865,7,38,0,38,49
17,constrictive,865,8,55,0,55,56
17,constrictive,865,9,67,0,67,106
17,constrictive,865,10,69,0,69,105
17,constrictive,865,11,0,1,49,49
17,constrictive,865,12,0,1,65,65
17,constrictive,865,13,0,1,39,39
17,constrictive,865,14,43,0,43,66
17,constrictive,865,15,44,0,44,67
17,constrictive,865,16,0,1,59,59
17,constrictive,865,17,0,1,18,18
17,constrictive,865,18,50,0,50,106
17,constrictive,865,19,57,0,57,87
17,constrictive,865,20,55,0,55,107
17,constrictive,865,21,0,1,26,26
17,constrictive,865,22,0,1,55,55
17,constrictive,865,23,0,1,14,14
17,constrictive,865,24,49,0,49,115
17,constrictive,865,25,61,0,61,88
17,constrictive,865,26,28,0,28,34
17,constrictive,865,27,0,1,33,33
17,constrictive,865,28,42,0,42,73
17,constrictive,865,29,48,0,48,86
18,expansive,1026,0,70,0,70,72
18,expansive,1026,1,0,1,27,27
18,expansive,1026,2,49,0,49,98
18,expansive,1026,3,70,0,70,86
18,expansive,1026,4,70,0,70,104
18,expansive,1026,5,0,1,26,26
18,expansive,1026,6,0,1,17,17
18,expansive,1026,7,0,1,49,49
18,expansive,1026,8,29,0,29,56
18,expansive,1026,9,49,0,49,106
18,expansive,1026,10,80,0,80,105
18,expansive,1026,11,0,1,49,49
18,expansive,1026,12,63,0,63,65
18,expansive,1026,13,0,1,39,39
18,expansive,1026,14,64,0,64,66
18,expansive,1026,15,0,1,67,67
18,expansive,1026,16,54,0,54,59
18,expansive,1026,17,0,1,18,18
18,expansive,1026,18,50,0,50,106
18,expansive,1026,19,78,0,78,87
18,expansive,1026,20,90,0,90,107
18,expansive,1026,21,0,1,26,26
18,expansive,1026,22,0,1,55,55
18,expansive,1026,23,0,1,14,14
18,expansive,1026,24,71,0,71,115
18,expansive,1026,25,73,0,73,88
18,expansive,1026,26,0,1,34,34
18,expansive,1026,27,0,1,33,33
18,expansive,1026,28,38,0,38,73
18,expansive,1026,29,28,0,28,86
19,constrictive,652,0,14,0,14,72
19,constrictive,652,1,22,0,22,27
19,constrictive,652,2,32,0,32,98
19,constrictive,652,3,34,0,34,86
19,constrictive,652,4,52,0,52,104
19,constrictive,652,5,0,1,26,26
19,constrictive,652,6,0,1,17,17
19,constrictive,652,7,12,0,12,49
19,constrictive,652,8,16,0,16,56
19,constrictive,652,9,20,0,20,106
19,constrictive,652,10,22,0,22,105
19,constrictive,652,11,23,0,23,49
19,constrictive,652,12,37,0,37,65
19,constrictive,652,13,34,0,34,39
19,constrictive,652,14,42,0,42,66
19,constrictive,652,15,46,0,46,67
19,constrictive,652,16,0,1,59,59
19,constrictive,652,17,0,1,18,18
19,constrictive,652,18,14,0,14,106
19,constrictive,652,19,19,0,19,87
19,constrictive,652,20,22,0,22,107
19,constrictive,652,21,20,0,20,26
19,constrictive,652,22,30,0,30,55
19,constrictive,652,23,0,1,14,14
19,constrictive,652,24,22,0,22,115
19,constrictive,652,25,37,0,37,88
19,constrictive,652,26,32,0,32,34
19,constrictive,652,27,0,1,33,33
19,constrictive,652,28,24,0,24,73
19,constrictive,652,29,26,0,26,86
20,expansive,1008,0,67,0,67,72
20,expansive,1008,1,0,1,27,27
20,expansive,1008,2,73,0,73,98
20,expansive,1008,3,73,0,73,86
20,expansive,1008,4,72,0,72,104
20,expansive,1008,5,0,1,26,26
20,expansive,1008,6,0,1,17,17
20,expansive,1008,7,0,1,49,49
20,expansive,1008,8,0,1,56,56
20,expansive,1008,9,68,0,68,106
20,expansive,1008,10,76,0,76,105
20,expansive,1008,11,0,1,49,49
20,expansive,1008,12,0,1,65,65
20,expansive,1008,13,0,1,39,39
20,expansive,1008,14,57,0,57,66
20,expansive,1008,15,52,0,52,67
20,expansive,1008,16,58,0,58,59
20,expansive,1008,17,0,1,18,18
20,expansive,1008,18,59,0,59,106
20,expansive,1008,19,72,0,72,87
20,expansive,1008,20,88,0,88,107
20,expansive,1008,21,0,1,26,26
20,expansive,1008,22,0,1,55,55
20,expansive,1008,23,0,1,14,14
20,expansive,1008,24,60,0,60,115
20,expansive,1008,25,65,0,65,88
20,expansive,1008,26,0,1,34,34
20,expansive,1008,27,0,1,33,33
20,expansive,1008,28,0,1,73,73
20,expansive,1008,29,68,0,68,86
21,constrictive,944,0,34,0,34,72
21,constrictive,944,1,0,1,27,27
21,constrictive,944,2,20,0,20,98
21,constrictive,944,3,35,0,35,86
21,constrictive,944,4,36,0,36,104
21,constrictive,944,5,0,1,26,26
21,constrictive,944,6,0,1,17,17
21,constrictive,944,7,17,0,17,49
21,constrictive,944,8,22,0,22,56
21,constrictive,944,9,27,0,27,106
21,constrictive,944,10,27,0,27,105
21,constrictive,944,11,22,0,22,49
21,constrictive,944,12,28,0,28,65
21,constrictive,944,13,0,1,39,39
21,constrictive,944,14,57,0,57,66
21,constrictive,944,15,53,0,53,67
21,constrictive,944,16,58,0,58,59
21,constrictive,944,17,13,0,13,18
21,constrictive,944,18,61,0,61,106
21,constrictive,944,19,54,0,54,87
21,constrictive,944,20,79,0,79,107
21,constrictive,944,21,0,1,26,26
21,constrictive,944,22,46,0,46,55
21,constrictive,944,23,0,1,14,14
21,constrictive,944,24,46,0,46,115
21,constrictive,944,25,64,0,64,88
21,constrictive,944,26,0,1,34,34
21,constrictive,944,27,31,0,31,33
21,constrictive,944,28,44,0,44,73
21,constrictive,944,29,70,0,70,86
22,expansive,375,0,8,0,8,72
22,expansive,375,1,6,0,6,27
22,expansive,375,2,17,0,17,98
22,expansive,375,3,9,0,9,86
22,expansive,375,4,8,0,8,104
22,expansive,375,5,0,1,26,26
22,expansive,375,6,0,1,17,17
22,expansive,375,7,15,0,15,49
22,expansive,375,8,15,0,15,56
22,expansive,375,9,10,0,10,106
22,expansive,375,10,10,0,10,105
22,expansive,375,11,13,0,13,49
22,expansive,375,12,11,0,11,65
22,expansive,375,13,15,0,15,39
22,expansive,375,14,13,0,13,66
22,expansive,375,15,16,0,16,67
22,expansive,375,16,16,0,16,59
22,expansive,375,17,0,1,18,18
22,expansive,375,18,24,0,24,106
22,expansive,375,19,14,0,14,87
22,expansive,375,20,14,0,14,107
22,expansive,375,21,20,0,20,26
22,expansive,375,22,17,0,17,55
22,expansive,375,23,0,1,14,14
22,expansive,375,24,11,0,11,115
22,expansive,375,25,14,0,14,88
22,expansive,375,26,16,0,16,34
22,expansive,375,27,0,1,33,33
22,expansive,375,28,31,0,31,73
22,expansive,375,29,32,0,32,86
23,constrictive,945,0,42,0,42,72
23,constrictive,945,1,0,1,27,27
23,constrictive,945,2,35,0,35,98
23,constrictive,945,3,52,0,52,86
23,constrictive,945,4,57,0,57,104
23,constrictive,945,5,0,1,26,26
23,constrictive,945,6,0,1,17,17
23,constrictive,945,7,0,1,49,49
23,constrictive,945,8,46,0,46,56
23,constrictive,945,9,55,0,55,106
23,constrictive,945,10,58,0,58,105
23,constrictive,945,11,0,1,49,49
23,constrictive,945,12,62,0,62,65
23,constrictive,945,13,0,1,39,39
23,constrictive,945,14,64,0,64,66
23,constrictive,945,15,0,1,67,67
23,constrictive,945,16,0,1,59,59
23,constrictive,945,17,0,1,18,18
23,constrictive,945,18,67,0,67,106
23,constrictive,945,19,57,0,57,87
23,constrictive,945,20,67,0,67,107
23,constrictive,945,21,0,1,26,26
23,constrictive,945,22,0,1,55,55
23,constrictive,945,23,0,1,14,14
23,constrictive,945,24,75,0,75,115
23,constrictive,945,25,67,0,67,88
23,constrictive,945,26,0,1,34,34
23,constrictive,945,27,0,1,33,33
23,constrictive,945,28,67,0,67,73
23,constrictive,945,29,74,0,74,86
24,expansive,876,0,3,0,3,72
24,expansive,876,1,8,0,8,27
24,expansive,876,2,20,0,20,98
24,expansive,876,3,0,1,86,86
24,expansive,876,4,68,0,68,104
24,expansive,876,5,0,1,26,26
24,expansive,876,6,0,1,17,17
24,expansive,876,7,27,0,27,49
24,expansive,876,8,0,1,56,56
24,expansive,876,9,50,0,50,106
24,expansive,876,10,63,0,63,105
24,expansive,876,11,0,1,49,49
24,expansive,876,12,60,0,60,65
24,expansive,876,13,0,1,39,39
24,expansive,876,14,58,0,58,66
24,expansive,876,15,64,0,64,67
24,expansive,876,16,0,1,59,59
24,expansive,876,17,0,1,18,18
24,expansive,876,18,55,0,55,106
24,expansive,876,19,65,0,65,87
24,expansive,876,20,64,0,64,107
24,expansive,876,21,0,1,26,26
24,expansive,876,22,0,1,55,55
24,expansive,876,23,0,1,14,14
24,expansive,876,24,69,0,69,115
24,expansive,876,25,63,0,63,88
24,expansive,876,26,0,1,34,34
24,expansive,876,27,0,1,33,33
24,expansive,876,28,57,0,57,73
24,expansive,876,29,82,0,82,86
25,constrictive,953,0,0,1,72,72
25,constrictive,953,1,0,1,27,27
25,constrictive,953,2,46,0,46,98
25,constrictive,953,3,56,0,56,86
25,constrictive,953,4,59,0,59,104
25,constrictive,953,5,0,1,26,26
25,constrictive,953,6,0,1,17,17
25,constrictive,953,7,0,1,49,49
25,constrictive,953,8,52,0,52,56
25,constrictive,953,9,62,0,62,106
25,constrictive,953,10,61,0,61,105
25,constrictive,953,11,0,1,49,49
25,constrictive,953,12,56,0,56,65
25,constrictive,953,13,0,1,39,39
25,constrictive,953,14,55,0,55,66
25,constrictive,953,15,65,0,65,67
25,constrictive,953,16,0,1,59,59
25,constrictive,953,17,0,1,18,18
25,constrictive,953,18,52,0,52,106
25,constrictive,953,19,53,0,53,87
25,constrictive,953,20,70,0,70,107
25,constrictive,953,21,0,1,26,26
25,constrictive,953,22,46,0,46,55
25,constrictive,953,23,0,1,14,14
25,constrictive,953,24,65,0,65,115
25,constrictive,953,25,73,0,73,88
25,constrictive,953,26,0,1,34,34
25,constrictive,953,27,0,1,33,33
25,constrictive,953,28,0,1,73,73
25,constrictive,953,29,82,0,82,86
26,expansive,831,0,60,0,60,72
26,expansive,831,1,0,1,27,27
26,expansive,831,2,50,0,50,98
26,expansive,831,3,77,0,77,86
26,expansive,831,4,89,0,89,104
26,expansive,831,5,0,1,26,26
26,expansive,831,6,0,1,17,17
26,expansive,831,7,10,0,10,49
26,expansive,831,8,15,0,15,56
26,expansive,831,9,70,0,70,106
26,expansive,831,10,74,0,74,105
26,expansive,831,11,0,1,49,49
26,expansive,831,12,38,0,38,65
26,expansive,831,13,0,1,39,39
26,expansive,831,14,28,0,28,66
26,expansive,831,15,64,0,64,67
26,expansive,831,16,0,1,59,59
26,expansive,831,17,0,1,18,18
26,expansive,831,18,11,0,11,106
26,expansive,831,19,58,0,58,87
26,expansive,831,20,56,0,56,107
26,expansive,831,21,0,1,26,26
26,expansive,831,22,0,1,55,55
26,expansive,831,23,0,1,14,14
26,expansive,831,24,26,0,26,115
26,expansive,831,25,47,0,47,88
26,expansive,831,26,0,1,34,34
26,expansive,831,27,0,1,33,33
26,expansive,831,28,58,0,58,73
26,expansive,831,29,0,1,86,86
27,constrictive,830,0,48,0,48,72
27,constrictive,830,1,0,1,27,27
27,constrictive,830,2,48,0,48,98
27,constrictive,830,3,43,0,43,86
27,constrictive,830,4,58,0,58,104
27,constrictive,830,5,0,1,26,26
27,constrictive,830,6,0,1,17,17
27,constrictive,830,7,35,0,35,49
27,constrictive,830,8,0,1,56,56
27,constrictive,830,9,46,0,46,106
27,constrictive,830,10,40,0,40,105
27,constrictive,830,11,0,1,49,49
27,constrictive,830,12,59,0,59,65
27,constrictive,830,13,0,1,39,39
27,constrictive,830,14,47,0,47,66
27,constrictive,830,15,63,0,63,67
27,constrictive,830,16,0,1,59,59
27,constrictive,830,17,0,1,18,18
27,constrictive,830,18,58,0,58,106
27,constrictive,830,19,56,0,56,87
27,constrictive,830,20,55,0,55,107
27,constrictive,830,21,0,1,26,26
27,constrictive,830,22,0,1,55,55
27,constrictive,830,23,0,1,14,14
27,constrictive,830,24,52,0,52,115
27,constrictive,830,25,67,0,67,88
27,constrictive,830,26,0,1,34,34
27,constrictive,830,27,0,1,33,33
27,constrictive,830,28,0,1,73,73
27,constrictive,830,29,55,0,55,86
28,expansive,701,0,28,0,28,72
28,expansive,701,1,0,1,27,27
28,expansive,701,2,20,0,20,98
28,expansive,701,3,25,0,25,86
28,expansive,701,4,28,0,28,104
28,expansive,701,5,25,0,25,26
28,expansive,701,6,0,1,17,17
28,expansive,701,7,25,0,25,49
28,expansive,701,8,26,0,26,56
28,expansive,701,9,25,0,25,106
28,expansive,701,10,31,0,31,105
28,expansive,701,11,34,0,34,49
28,expansive,701,12,33,0,33,65
28,expansive,701,13,0,1,39,39
28,expansive,701,14,28,0,28,66
28,expansive,701,15,36,0,36,67
28,expansive,701,16,32,0,32,59
28,expansive,701,17,0,1,18,18
28,expansive,701,18,31,0,31,106
28,expansive,701,19,34,0,34,87
28,expansive,701,20,35,0,35,107
28,expansive,701,21,0,1,26,26
28,expansive,701,22,32,0,32,55
28,expansive,701,23,0,1,14,14
28,expansive,701,24,32,0,32,115
28,expansive,701,25,36,0,36,88
28,expansive,701,26,0,1,34,34
28,expansive,701,27,32,0,32,33
28,expansive,701,28,34,0,34,73
28,expansive,701,29,39,0,39,86
29,constrictive,438,0,41,0,41,72
29,constrictive,438,1,0,1,27,27
29,constrictive,438,2,17,0,17,98
29,constrictive,438,3,20,0,20,86
29,constrictive,438,4,19,0,19,104
29,constrictive,438,5,19,0,19,26
29,constrictive,438,6,0,1,17,17
29,constrictive,438,7,14,0,14,49
29,constrictive,438,8,12,0,12,56
29,constrictive,438,9,14,0,14,106
29,constrictive,438,10,13,0,13,105
29,constrictive,438,11,16,0,16,49
29,constrictive,438,12,17,0,17,65
29,constrictive,438,13,18,0,18,39
29,constrictive,438,14,15,0,15,66
29,constrictive,438,15,16,0,16,67
29,constrictive,438,16,16,0,16,59
29,constrictive,438,17,0,1,18,18
29,constrictive,438,18,15,0,15,106
29,constrictive,438,19,13,0,13,87
29,constrictive,438,20,14,0,14,107
29,constrictive,438,21,20,0,20,26
29,constrictive,438,22,16,0,16,55
29,constrictive,438,23,0,1,14,14
29,constrictive,438,24,17,0,17,115
29,constrictive,438,25,13,0,13,88
29,constrictive,438,26,15,0,15,34
29,constrictive,438,27,14,0,14,33
29,constrictive,438,28,16,0,16,73
29,constrictive,438,29,18,0,18,86
30,expansive,825,0,66,0,66,72
30,expansive,825,1,0,1,27,27
30,expansive,825,2,59,0,59,98
30,expansive,825,3,77,0,77,86
30,expansive,825,4,81,0,81,104
30,expansive,825,5,0,1,26,26
30,expansive,825,6,0,1,17,17
30,expansive,825,7,0,1,49,49
30,expansive,825,8,0,1,56,56
30,expansive,825,9,59,0,59,106
30,expansive,825,10,99,0,99,105
30,expansive,825,11,0,1,49,49
30,expansive,825,12,0,1,65,65
30,expansive,825,13,0,1,39,39
30,expansive,825,14,0,1,66,66
30,expansive,825,15,50,0,50,67
30,expansive,825,16,0,1,59,59
30,expansive,825,17,0,1,18,18
30,expansive,825,18,63,0,63,106
30,expansive,825,19,84,0,84,87
30,expansive,825,20,97,0,97,107
30,expansive,825,21,0,1,26,26
30,expansive,825,22,0,1,55,55
30,expansive,825,23,0,1,14,14
30,expansive,825,24,90,0,90,115
30,expansive,825,25,0,1,88,88
30,expansive,825,26,0,1,34,34
30,expansive,825,27,0,1,33,33
30,expansive,825,28,0,1,73,73
30,expansive,825,29,0,1,86,86
31,constrictive,958,0,56,0,56,72
31,constrictive,958,1,0,1,27,27
31,constrictive,958,2,38,0,38,98
31,constrictive,958,3,76,0,76,86
31,constrictive,958,4,73,0,73,104
31,constrictive,958,5,0,1,26,26
31,constrictive,958,6,0,1,17,17
31,constrictive,958,7,0,1,49,49
31,constrictive,958,8,40,0,40,56
31,constrictive,958,9,53,0,53,106
31,constrictive,958,10,57,0,57,105
31,constrictive,958,11,0,1,49,49
31,constrictive,958,12,50,0,50,65
31,constrictive,958,13,0,1,39,39
31,constrictive,958,14,45,0,45,66
31,constrictive,958,15,0,1,67,67
31,constrictive,958,16,51,0,51,59
31,constrictive,958,17,0,1,18,18
31,constrictive,958,18,48,0,48,106
31,constrictive,958,19,51,0,51,87
31,constrictive,958,20,70,0,70,107
31,constrictive,958,21,0,1,26,26
31,constrictive,958,22,45,0,45,55
31,constrictive,958,23,0,1,14,14
31,constrictive,958,24,51,0,51,115
31,constrictive,958,25,46,0,46,88
31,constrictive,958,26,0,1,34,34
31,constrictive,958,27,0,1,33,33
31,constrictive,958,28,36,0,36,73
31,constrictive,958,29,72,0,72,86
32,expansive,763,0,0,1,72,72
32,expansive,763,1,0,1,27,27
32,expansive,763,2,54,0,54,98
32,expansive,763,3,59,0,59,86
32,expansive,763,4,69,0,69,104
32,expansive,763,5,0,1,26,26
32,expansive,763,6,0,1,17,17
32,expansive,763,7,0,1,49,49
32,expansive,763,8,0,1,56,56
32,expansive,763,9,60,0,60,106
32,expansive,763,10,67,0,67,105
32,expansive,763,11,0,1,49,49
32,expansive,763,12,0,1,65,65
32,expansive,763,13,0,1,39,39
32,expansive,763,14,0,1,66,66
32,expansive,763,15,60,0,60,67
32,expansive,763,16,0,1,59,59
32,expansive,763,17,0,1,18,18
32,expansive,763,18,63,0,63,106
32,expansive,763,19,63,0,63,87
32,expansive,763,20,62,0,62,107
32,expansive,763,21,0,1,26,26
32,expansive,763,22,0,1,55,55
32,expansive,763,23,0,1,14,14
32,expansive,763,24,64,0,64,115
32,expansive,763,25,70,0,70,88
32,expansive,763,26,0,1,34,34
32,expansive,763,27,0,1,33,33
32,expansive,763,28,0,1,73,73
32,expansive,763,29,72,0,72,86
33,constrictive,833,0,41,0,41,72
33,constrictive,833,1,0,1,27,27
33,constrictive,833,2,28,0,28,98
33,constrictive,833,3,40,0,40,86
33,constrictive,833,4,38,0,38,104
33,constrictive,833,5,0,1,26,26
33,constrictive,833,6,0,1,17,17
33,constrictive,833,7,36,0,36,49
33,constrictive,833,8,38,0,38,56
33,constrictive,833,9,40,0,40,106
33,constrictive,833,10,42,0,42,105
33,constrictive,833,11,37,0,37,49
33,constrictive,833,12,46,0,46,65
33,constrictive,833,13,0,1,39,39
33,constrictive,833,14,38,0,38,66
33,constrictive,833,15,39,0,39,67
33,constrictive,833,16,41,0,41,59
33,constrictive,833,17,0,1,18,18
33,constrictive,833,18,43,0,43,106
33,constrictive,833,19,46,0,46,87
33,constrictive,833,20,43,0,43,107
33,constrictive,833,21,0,1,26,26
33,constrictive,833,22,40,0,40,55
33,constrictive,833,23,0,1,14,14
33,constrictive,833,24,40,0,40,115
33,constrictive,833,25,38,0,38,88
33,constrictive,833,26,0,1,34,34
33,constrictive,833,27,11,0,11,33
33,constrictive,833,28,34,0,34,73
33,constrictive,833,29,34,0,34,86
34,expansive,1023,0,18,0,18,72
34,expansive,1023,1,22,0,22,27
34,expansive,1023,2,52,0,52,98
34,expansive,1023,3,83,0,83,86
34,expansive,1023,4,81,0,81,104
34,expansive,1023,5,0,1,26,26
34,expansive,1023,6,0,1,17,17
34,expansive,1023,7,0,1,49,49
34,expansive,1023,8,0,1,56,56
34,expansive,1023,9,47,0,47,106
34,expansive,1023,10,49,0,49,105
34,expansive,1023,11,0,1,49,49
34,expansive,1023,12,51,0,51,65
34,expansive,1023,13,0,1,39,39
34,expansive,1023,14,49,0,49,66
34,expansive,1023,15,61,0,61,67
34,expansive,1023,16,57,0,57,59
34,expansive,1023,17,0,1,18,18
34,expansive,1023,18,72,0,72,106
34,expansive,1023,19,82,0,82,87
34,expansive,1023,20,72,0,72,107
34,expansive,1023,21,0,1,26,26
34,expansive,1023,22,0,1,55,55
34,expansive,1023,23,0,1,14,14
34,expansive,1023,24,63,0,63,115
34,expansive,1023,25,78,0,78,88
34,expansive,1023,26,0,1,34,34
34,expansive,1023,27,0,1,33,33
34,expansive,1023,28,41,0,41,73
34,expansive,1023,29,45,0,45,86
35,constrictive,902,0,66,0,66,72
35,constrictive,902,1,0,1,27,27
35,constrictive,902,2,50,0,50,98
35,constrictive,902,3,53,0,53,86
35,constrictive,902,4,80,0,80,104
35,constrictive,902,5,0,1,26,26
35,constrictive,902,6,0,1,17,17
35,constrictive,902,7,0,1,49,49
35,constrictive,902,8,0,1,56,56
35,constrictive,902,9,46,0,46,106
35,constrictive,902,10,52,0,52,105
35,constrictive,902,11,0,1,49,49
35,constrictive,902,12,63,0,63,65
35,constrictive,902,13,0,1,39,39
35,constrictive,902,14,0,1,66,66
35,constrictive,902,15,63,0,63,67
35,constrictive,902,16,0,1,59,59
35,constrictive,902,17,0,1,18,18
35,constrictive,902,18,50,0,50,106
35,constrictive,902,19,59,0,59,87
35,constrictive,902,20,70,0,70,107
35,constrictive,902,21,0,1,26,26
35,constrictive,902,22,0,1,55,55
35,constrictive,902,23,0,1,14,14
35,constrictive,902,24,53,0,53,115
35,constrictive,902,25,59,0,59,88
35,constrictive,902,26,0,1,34,34
35,constrictive,902,27,0,1,33,33
35,constrictive,902,28,61,0,61,73
35,constrictive,902,29,77,0,77,86
36,expansive,856,0,0,1,72,72
36,expansive,856,1,0,1,27,27
36,expansive,856,2,41,0,41,98
36,expansive,856,3,44,0,44,86
36,expansive,856,4,56,0,56,104
36,expansive,856,5,0,1,26,26
36,expansive,856,6,0,1,17,17
36,expansive,856,7,35,0,35,49
36,expansive,856,8,44,0,44,56
36,expansive,856,9,59,0,59,106
36,expansive,856,10,65,0,65,105
36,expansive,856,11,0,1,49,49
36,expansive,856,12,64,0,64,65
36,expansive,856,13,0,1,39,39
36,expansive,856,14,58,0,58,66
36,expansive,856,15,0,1,67,67
36,expansive,856,16,0,1,59,59
36,expansive,856,17,0,1,18,18
36,expansive,856,18,40,0,40,106
36,expansive,856,19,56,0,56,87
36,expansive,856,20,61,0,61,107
36,expansive,856,21,0,1,26,26
36,expansive,856,22,51,0,51,55
36,expansive,856,23,0,1,14,14
36,expansive,856,24,55,0,55,115
36,expansive,856,25,31,0,31,88
36,expansive,856,26,0,1,34,34
36,expansive,856,27,0,1,33,33
36,expansive,856,28,38,0,38,73
36,expansive,856,29,58,0,58,86
37,constrictive,605,0,24,0,24,72
37,constrictive,605,1,0,1,27,27
37,constrictive,605,2,23,0,23,98
37,constrictive,605,3,20,0,20,86
37,constrictive,605,4,26,0,26,104
37,constrictive,605,5,0,1,26,26
37,constrictive,605,6,0,1,17,17
37,constrictive,605,7,19,0,19,49
37,constrictive,605,8,22,0,22,56
37,constrictive,605,9,25,0,25,106
37,constrictive,605,10,25,0,25,105
37,constrictive,605,11,26,0,26,49
37,constrictive,605,12,27,0,27,65
37,constrictive,605,13,30,0,30,39
37,constrictive,605,14,31,0,31,66
37,constrictive,605,15,30,0,30,67
37,constrictive,605,16,32,0,32,59
37,constrictive,605,17,0,1,18,18
37,constrictive,605,18,23,0,23,106
37,constrictive,605,19,30,0,30,87
37,constrictive,605,20,33,0,33,107
37,constrictive,605,21,0,1,26,26
37,constrictive,605,22,26,0,26,55
37,constrictive,605,23,0,1,14,14
37,constrictive,605,24,26,0,26,115
37,constrictive,605,25,28,0,28,88
37,constrictive,605,26,0,1,34,34
37,constrictive,605,27,22,0,22,33
37,constrictive,605,28,26,0,26,73
37,constrictive,605,29,31,0,31,86
38,expansive,734,0,0,1,72,72
38,expansive,734,1,0,1,27,27
38,expansive,734,2,32,0,32,98
38,expansive,734,3,27,0,27,86
38,expansive,734,4,35,0,35,104
38,expansive,734,5,0,1,26,26
38,expansive,734,6,0,1,17,17
38,expansive,734,7,24,0,24,49
38,expansive,734,8,25,0,25,56
38,expansive,734,9,28,0,28,106
38,expansive,734,10,28,0,28,105
38,expansive,734,11,30,0,30,49
38,expansive,734,12,38,0,38,65
38,expansive,734,13,34,0,34,39
38,expansive,734,14,33,0,33,66
38,expansive,734,15,32,0,32,67
38,expansive,734,16,40,0,40,59
38,expansive,734,17,0,1,18,18
38,expansive,734,18,33,0,33,106
38,expansive,734,19,38,0,38,87
38,expansive,734,20,45,0,45,107
38,expansive,734,21,0,1,26,26
38,expansive,734,22,42,0,42,55
38,expansive,734,23,0,1,14,14
38,expansive,734,24,45,0,45,115
38,expansive,734,25,44,0,44,88
38,expansive,734,26,0,1,34,34
38,expansive,734,27,0,1,33,33
38,expansive,734,28,37,0,37,73
38,expansive,734,29,44,0,44,86
39,constrictive,519,0,9,0,9,72
39,constrictive,519,1,0,1,27,27
39,constrictive,519,2,13,0,13,98
39,constrictive,519,3,27,0,27,86
39,constrictive,519,4,27,0,27,104
39,constrictive,519,5,0,1,26,26
39,constrictive,519,6,0,1,17,17
39,constrictive,519,7,8,0,8,49
39,constrictive,519,8,14,0,14,56
39,constrictive,519,9,16,0,16,106
39,constrictive,519,10,19,0,19,105
39,constrictive,519,11,17,0,17,49
39,constrictive,519,12,21,0,21,65
39,constrictive,519,13,19,0,19,39
39,constrictive,519,14,22,0,22,66
39,constrictive,519,15,30,0,30,67
39,constrictive,519,16,25,0,25,59
39,constrictive,519,17,0,1,18,18
39,constrictive,519,18,20,0,20,106
39,constrictive,519,19,21,0,21,87
39,constrictive,519,20,28,0,28,107
39,constrictive,519,21,23,0,23,26
39,constrictive,519,22,25,0,25,55
39,constrictive,519,23,0,1,14,14
39,constrictive,519,24,19,0,19,115
39,constrictive,519,25,29,0,29,88
39,constrictive,519,26,31,0,31,34
39,constrictive,519,27,0,1,33,33
39,constrictive,519,28,26,0,26,73
39,constrictive,519,29,30,0,30,86
40,expansive,706,0,0,1,72,72
40,expansive,706,1,0,1,27,27
40,expansive,706,2,22,0,22,98
40,expansive,706,3,21,0,21,86
40,expansive,706,4,36,0,36,104
40,expansive,706,5,0,1,26,26
40,expansive,706,6,0,1,17,17
40,expansive,706,7,15,0,15,49
40,expansive,706,8,27,0,27,56
40,expansive,706,9,32,0,32,106
40,expansive,706,10,31,0,31,105
40,expansive,706,11,35,0,35,49
40,expansive,706,12,37,0,37,65
40,expansive,706,13,0,1,39,39
40,expansive,706,14,27,0,27,66
40,expansive,706,15,31,0,31,67
40,expansive,706,16,37,0,37,59
40,expansive,706,17,0,1,18,18
40,expansive,706,18,37,0,37,106
40,expansive,706,19,44,0,44,87
40,expansive,706,20,43,0,43,107
40,expansive,706,21,0,1,26,26
40,expansive,706,22,40,0,40,55
40,expansive,706,23,0,1,14,14
40,expansive,706,24,47,0,47,115
40,expansive,706,25,57,0,57,88
40,expansive,706,26,0,1,34,34
40,expansive,706,27,0,1,33,33
40,expansive,706,28,32,0,32,73
40,expansive,706,29,55,0,55,86
41,constrictive,953,0,33,0,33,72
41,constrictive,953,1,0,1,27,27
41,constrictive,953,2,23,0,23,98
41,constrictive,953,3,28,0,28,86
41,constrictive,953,4,42,0,42,104
41,constrictive,953,5,0,1,26,26
41,constrictive,953,6,0,1,17,17
41,constrictive,953,7,34,0,34,49
41,constrictive,953,8,39,0,39,56
41,constrictive,953,9,37,0,37,106
41,constrictive,953,10,72,0,72,105
41,constrictive,953,11,0,1,49,49
41,constrictive,953,12,48,0,48,65
41,constrictive,953,13,0,1,39,39
41,constrictive,953,14,57,0,57,66
41,constrictive,953,15,51,0,51,67
41,constrictive,953,16,50,0,50,59
41,constrictive,953,17,0,1,18,18
41,constrictive,953,18,64,0,64,106
41,constrictive,953,19,65,0,65,87
41,constrictive,953,20,79,0,79,107
41,constrictive,953,21,0,1,26,26
41,constrictive,953,22,0,1,55,55
41,constrictive,953,23,0,1,14,14
41,constrictive,953,24,51,0,51,115
41,constrictive,953,25,54,0,54,88
41,constrictive,953,26,0,1,34,34
41,constrictive,953,27,0,1,33,33
41,constrictive,953,28,59,0,59,73
41,constrictive,953,29,67,0,67,86
42,expansive,859,0,14,0,14,72
42,expansive,859,1,18,0,18,27
42,expansive,859,2,79,0,79,98
42,expansive,859,3,0,1,86,86
42,expansive,859,4,60,0,60,104
42,expansive,859,5,0,1,26,26
42,expansive,859,6,0,1,17,17
42,expansive,859,7,0,1,49,49
42,expansive,859,8,37,0,37,56
42,expansive,859,9,48,0,48,106
42,expansive,859,10,65,0,65,105
42,expansive,859,11,0,1,49,49
42,expansive,859,12,49,0,49,65
42,expansive,859,13,0,1,39,39
42,expansive,859,14,49,0,49,66
42,expansive,859,15,0,1,67,67
42,expansive,859,16,42,0,42,59
42,expansive,859,17,0,1,18,18
42,expansive,859,18,50,0,50,106
42,expansive,859,19,71,0,71,87
42,expansive,859,20,81,0,81,107
42,expansive,859,21,0,1,26,26
42,expansive,859,22,0,1,55,55
42,expansive,859,23,0,1,14,14
42,expansive,859,24,45,0,45,115
42,expansive,859,25,76,0,76,88
42,expansive,859,26,0,1,34,34
42,expansive,859,27,0,1,33,33
42,expansive,859,28,0,1,73,73
42,expansive,859,29,75,0,75,86
43,constrictive,978,0,49,0,49,72
43,constrictive,978,1,0,1,27,27
43,constrictive,978,2,14,0,14,98
43,constrictive,978,3,60,0,60,86
43,constrictive,978,4,80,0,80,104
43,constrictive,978,5,11,0,11,26
43,constrictive,978,6,0,1,17,17
43,constrictive,978,7,0,1,49,49
43,constrictive,978,8,34,0,34,56
43,constrictive,978,9,61,0,61,106
43,constrictive,978,10,72,0,72,105
43,constrictive,978,11,44,0,44,49
43,constrictive,978,12,0,1,65,65
43,constrictive,978,13,0,1,39,39
43,constrictive,978,14,60,0,60,66
43,constrictive,978,15,50,0,50,67
43,constrictive,978,16,0,1,59,59
43,constrictive,978,17,0,1,18,18
43,constrictive,978,18,53,0,53,106
43,constrictive,978,19,64,0,64,87
43,constrictive,978,20,58,0,58,107
43,constrictive,978,21,25,0,25,26
43,constrictive,978,22,0,1,55,55
43,constrictive,978,23,0,1,14,14
43,constrictive,978,24,77,0,77,115
43,constrictive,978,25,43,0,43,88
43,constrictive,978,26,0,1,34,34
43,constrictive,978,27,0,1,33,33
43,constrictive,978,28,62,0,62,73
43,constrictive,978,29,61,0,61,86
44,expansive,794,0,31,0,31,72
44,expansive,794,1,0,1,27,27
44,expansive,794,2,19,0,19,98
44,expansive,794,3,22,0,22,86
44,expansive,794,4,25,0,25,104
44,expansive,794,5,0,1,26,26
44,expansive,794,6,0,1,17,17
44,expansive,794,7,11,0,11,49
44,expansive,794,8,19,0,19,56
44,expansive,794,9,19,0,19,106
44,expansive,794,10,20,0,20,105
44,expansive,794,11,19,0,19,49
44,expansive,794,12,24,0,24,65
44,expansive,794,13,27,0,27,39
44,expansive,794,14,45,0,45,66
44,expansive,794,15,42,0,42,67
44,expansive,794,16,47,0,47,59
44,expansive,794,17,0,1,18,18
44,expansive,794,18,39,0,39,106
44,expansive,794,19,47,0,47,87
44,expansive,794,20,56,0,56,107
44,expansive,794,21,0,1,26,26
44,expansive,794,22,54,0,54,55
44,expansive,794,23,0,1,14,14
44,expansive,794,24,53,0,53,115
44,expansive,794,25,53,0,53,88
44,expansive,794,26,0,1,34,34
44,expansive,794,27,0,1,33,33
44,expansive,794,28,53,0,53,73
44,expansive,794,29,69,0,69,86
45,constrictive,665,0,43,0,43,72
45,constrictive,665,1,0,1,27,27
45,constrictive,665,2,26,0,26,98
45,constrictive,665,3,29,0,29,86
45,constrictive,665,4,42,0,42,104
45,constrictive,665,5,0,1,26,26
45,constrictive,665,6,0,1,17,17
45,constrictive,665,7,20,0,20,49
45,constrictive,665,8,27,0,27,56
45,constrictive,665,9,31,0,31,106
45,constrictive,665,10,43,0,43,105
45,constrictive,665,11,0,1,49,49
45,constrictive,665,12,39,0,39,65
45,constrictive,665,13,30,0,30,39
45,constrictive,665,14,38,0,38,66
45,constrictive,665,15,47,0,47,67
45,constrictive,665,16,56,0,56,59
45,constrictive,665,17,0,1,18,18
45,constrictive,665,18,14,0,14,106
45,constrictive,665,19,29,0,29,87
45,constrictive,665,20,59,0,59,107
45,constrictive,665,21,0,1,26,26
45,constrictive,665,22,0,1,55,55
45,constrictive,665,23,0,1,14,14
45,constrictive,665,24,14,0,14,115
45,constrictive,665,25,26,0,26,88
45,constrictive,665,26,0,1,34,34
45,constrictive,665,27,0,1,33,33
45,constrictive,665,28,17,0,17,73
45,constrictive,665,29,35,0,35,86
46,expansive,747,0,8,0,8,72
46,expansive,747,1,0,1,27,27
46,expansive,747,2,22,0,22,98
46,expansive,747,3,40,0,40,86
46,expansive,747,4,61,0,61,104
46,expansive,747,5,0,1,26,26
46,expansive,747,6,0,1,17,17
46,expansive,747,7,16,0,16,49
46,expansive,747,8,32,0,32,56
46,expansive,747,9,30,0,30,106
46,expansive,747,10,44,0,44,105
46,expansive,747,11,47,0,47,49
46,expansive,747,12,45,0,45,65
46,expansive,747,13,0,1,39,39
46,expansive,747,14,42,0,42,66
46,expansive,747,15,46,0,46,67
46,expansive,747,16,52,0,52,59
46,expansive,747,17,0,1,18,18
46,expansive,747,18,16,0,16,106
46,expansive,747,19,43,0,43,87
46,expansive,747,20,43,0,43,107
46,expansive,747,21,0,1,26,26
46,expansive,747,22,21,0,21,55
46,expansive,747,23,0,1,14,14
46,expansive,747,24,14,0,14,115
46,expansive,747,25,30,0,30,88
46,expansive,747,26,0,1,34,34
46,expansive,747,27,23,0,23,33
46,expansive,747,28,36,0,36,73
46,expansive,747,29,36,0,36,86
47,constrictive,817,0,63,0,63,72
47,constrictive,817,1,0,1,27,27
47,constrictive,817,2,27,0,27,98
47,constrictive,817,3,67,0,67,86
47,constrictive,817,4,73,0,73,104
47,constrictive,817,5,0,1,26,26
47,constrictive,817,6,0,1,17,17
47,constrictive,817,7,33,0,33,49
47,constrictive,817,8,0,1,56,56
47,constrictive,817,9,44,0,44,106
47,constrictive,817,10,47,0,47,105
47,constrictive,817,11,0,1,49,49
47,constrictive,817,12,45,0,45,65
47,constrictive,817,13,0,1,39,39
47,constrictive,817,14,45,0,45,66
47,constrictive,817,15,58,0,58,67
47,constrictive,817,16,0,1,59,59
47,constrictive,817,17,0,1,18,18
47,constrictive,817,18,38,0,38,106
47,constrictive,817,19,63,0,63,87
47,constrictive,817,20,58,0,58,107
47,constrictive,817,21,0,1,26,26
47,constrictive,817,22,0,1,55,55
47,constrictive,817,23,0,1,14,14
47,constrictive,817,24,40,0,40,115
47,constrictive,817,25,46,0,46,88
47,constrictive,817,26,0,1,34,34
47,constrictive,817,27,0,1,33,33
47,constrictive,817,28,25,0,25,73
47,constrictive,817,29,45,0,45,86
48,expansive,568,0,23,0,23,72
48,expansive,568,1,0,1,27,27
48,expansive,568,2,14,0,14,98
48,expansive,568,3,18,0,18,86
48,expansive,568,4,20,0,20,104
48,expansive,568,5,18,0,18,26
48,expansive,568,6,0,1,17,17
48,expansive,568,7,16,0,16,49
48,expansive,568,8,19,0,19,56
48,expansive,568,9,25,0,25,106
48,expansive,568,10,62,0,62,105
48,expansive,568,11,0,1,49,49
48,expansive,568,12,37,0,37,65
48,expansive,568,13,0,1,39,39
48,expansive,568,14,23,0,23,66
48,expansive,568,15,26,0,26,67
48,expansive,568,16,42,0,42,59
48,expansive,568,17,0,1,18,18
48,expansive,568,18,20,0,20,106
48,expansive,568,19,12,0,12,87
48,expansive,568,20,22,0,22,107
48,expansive,568,21,0,1,26,26
48,expansive,568,22,32,0,32,55
48,expansive,568,23,0,1,14,14
48,expansive,568,24,17,0,17,115
48,expansive,568,25,18,0,18,88
48,expansive,568,26,26,0,26,34
48,expansive,568,27,26,0,26,33
48,expansive,568,28,25,0,25,73
48,expansive,568,29,27,0,27,86
49,constrictive,544,0,16,0,16,72
49,constrictive,544,1,16,0,16,27
49,constrictive,544,2,25,0,25,98
49,constrictive,544,3,26,0,26,86
49,constrictive,544,4,36,0,36,104
49,constrictive,544,5,0,1,26,26
49,constrictive,544,6,0,1,17,17
49,constrictive,544,7,12,0,12,49
49,constrictive,544,8,14,0,14,56
49,constrictive,544,9,23,0,23,106
49,constrictive,544,10,19,0,19,105
49,constrictive,544,11,28,0,28,49
49,constrictive,544,12,29,0,29,65
49,constrictive,544,13,28,0,28,39
49,constrictive,544,14,26,0,26,66
49,constrictive,544,15,20,0,20,67
49,constrictive,544,16,31,0,31,59
49,constrictive,544,17,0,1,18,18
49,constrictive,544,18,17,0,17,106
49,constrictive,544,19,26,0,26,87
49,constrictive,544,20,32,0,32,107
49,constrictive,544,21,0,1,26,26
49,constrictive,544,22,30,0,30,55
49,constrictive,544,23,0,1,14,14
49,constrictive,544,24,26,0,26,115
49,constrictive,544,25,27,0,27,88
49,constrictive,544,26,0,1,34,34
49,constrictive,544,27,0,1,33,33
49,constrictive,544,28,10,0,10,73
49,constrictive,544,29,27,0,27,86
50,expansive,871,0,42,0,42,72
50,expansive,871,1,0,1,27,27
50,expansive,871,2,56,0,56,98
50,expansive,871,3,79,0,79,86
50,expansive,871,4,96,0,96,104
50,expansive,871,5,0,1,26,26
50,expansive,871,6,0,1,17,17
50,expansive,871,7,0,1,49,49
50,expansive,871,8,0,1,56,56
50,expansive,871,9,59,0,59,106
50,expansive,871,10,69,0,69,105
50,expansive,871,11,0,1,49,49
50,expansive,871,12,0,1,65,65
50,expansive,871,13,0,1,39,39
50,expansive,871,14,50,0,50,66
50,expansive,871,15,43,0,43,67
50,expansive,871,16,0,1,59,59
50,expansive,871,17,0,1,18,18
50,expansive,871,18,43,0,43,106
50,expansive,871,19,40,0,40,87
50,expansive,871,20,49,0,49,107
50,expansive,871,21,0,1,26,26
50,expansive,871,22,54,0,54,55
50,expansive,871,23,0,1,14,14
50,expansive,871,24,39,0,39,115
50,expansive,871,25,41,0,41,88
50,expansive,871,26,0,1,34,34
50,expansive,871,27,0,1,33,33
50,expansive,871,28,50,0,50,73
50,expansive,871,29,61,0,61,86
51,constrictive,837,0,47,0,47,72
51,constrictive,837,1,0,1,27,27
51,constrictive,837,2,33,0,33,98
51,constrictive,837,3,44,0,44,86
51,constrictive,837,4,55,0,55,104
51,constrictive,837,5,0,1,26,26
51,constrictive,837,6,0,1,17,17
51,constrictive,837,7,0,1,49,49
51,constrictive,837,8,39,0,39,56
51,constrictive,837,9,44,0,44,106
51,constrictive,837,10,46,0,46,105
51,constrictive,837,11,0,1,49,49
51,constrictive,837,12,41,0,41,65
51,constrictive,837,13,0,1,39,39
51,constrictive,837,14,37,0,37,66
51,constrictive,837,15,46,0,46,67
51,constrictive,837,16,42,0,42,59
51,constrictive,837,17,0,1,18,18
51,constrictive,837,18,52,0,52,106
51,constrictive,837,19,50,0,50,87
51,constrictive,837,20,59,0,59,107
51,constrictive,837,21,0,1,26,26
51,constrictive,837,22,22,0,22,55
51,constrictive,837,23,0,1,14,14
51,constrictive,837,24,71,0,71,115
51,constrictive,837,25,37,0,37,88
51,constrictive,837,26,0,1,34,34
51,constrictive,837,27,0,1,33,33
51,constrictive,837,28,28,0,28,73
51,constrictive,837,29,44,0,44,86
52,expansive,647,0,49,0,49,72
52,expansive,647,1,0,1,27,27
52,expansive,647,2,26,0,26,98
52,expansive,647,3,29,0,29,86
52,expansive,647,4,32,0,32,104
52,expansive,647,5,0,1,26,26
52,expansive,647,6,0,1,17,17
52,expansive,647,7,9,0,9,49
52,expansive,647,8,20,0,20,56
52,expansive,647,9,19,0,19,106
52,expansive,647,10,26,0,26,105
52,expansive,647,11,32,0,32,49
52,expansive,647,12,29,0,29,65
52,expansive,647,13,27,0,27,39
52,expansive,647,14,25,0,25,66
52,expansive,647,15,29,0,29,67
52,expansive,647,16,34,0,34,59
52,expansive,647,17,0,1,18,18
52,expansive,647,18,27,0,27,106
52,expansive,647,19,23,0,23,87
52,expansive,647,20,33,0,33,107
52,expansive,647,21,0,1,26,26
52,expansive,647,22,27,0,27,55
52,expansive,647,23,0,1,14,14
52,expansive,647,24,23,0,23,115
52,expansive,647,25,20,0,20,88
52,expansive,647,26,23,0,23,34
52,expansive,647,27,23,0,23,33
52,expansive,647,28,28,0,28,73
52,expansive,647,29,34,0,34,86
53,constrictive,858,0,0,1,72,72
53,constrictive,858,1,0,1,27,27
53,constrictive,858,2,47,0,47,98
53,constrictive,858,3,39,0,39,86
53,constrictive,858,4,65,0,65,104
53,constrictive,858,5,0,1,26,26
53,constrictive,858,6,0,1,17,17
53,constrictive,858,7,0,1,49,49
53,constrictive,858,8,37,0,37,56
53,constrictive,858,9,41,0,41,106
53,constrictive,858,10,54,0,54,105
53,constrictive,858,11,0,1,49,49
53,constrictive,858,12,58,0,58,65
53,constrictive,858,13,0,1,39,39
53,constrictive,858,14,30,0,30,66
53,constrictive,858,15,37,0,37,67
53,constrictive,858,16,37,0,37,59
53,constrictive,858,17,0,1,18,18
53,constrictive,858,18,58,0,58,106
53,constrictive,858,19,61,0,61,87
53,constrictive,858,20,66,0,66,107
53,constrictive,858,21,0,1,26,26
53,constrictive,858,22,0,1,55,55
53,constrictive,858,23,0,1,14,14
53,constrictive,858,24,79,0,79,115
53,constrictive,858,25,64,0,64,88
53,constrictive,858,26,0,1,34,34
53,constrictive,858,27,0,1,33,33
53,constrictive,858,28,0,1,73,73
53,constrictive,858,29,85,0,85,86
54,expansive,939,0,18,0,18,72
54,expansive,939,1,21,0,21,27
54,expansive,939,2,30,0,30,98
54,expansive,939,3,45,0,45,86
54,expansive,939,4,55,0,55,104
54,expansive,939,5,0,1,26,26
54,expansive,939,6,0,1,17,17
54,expansive,939,7,20,0,20,49
54,expansive,939,8,36,0,36,56
54,expansive,939,9,37,0,37,106
54,expansive,939,10,50,0,50,105
54,expansive,939,11,0,1,49,49
54,expansive,939,12,41,0,41,65
54,expansive,939,13,34,0,34,39
54,expansive,939,14,40,0,40,66
54,expansive,939,15,47,0,47,67
54,expansive,939,16,58,0,58,59
54,expansive,939,17,0,1,18,18
54,expansive,939,18,50,0,50,106
54,expansive,939,19,61,0,61,87
54,expansive,939,20,55,0,55,107
54,expansive,939,21,0,1,26,26
54,expansive,939,22,39,0,39,55
54,expansive,939,23,0,1,14,14
54,expansive,939,24,33,0,33,115
54,expansive,939,25,38,0,38,88
54,expansive,939,26,31,0,31,34
54,expansive,939,27,0,1,33,33
54,expansive,939,28,43,0,43,73
54,expansive,939,29,57,0,57,86
55,constrictive,916,0,53,0,53,72
55,constrictive,916,1,0,1,27,27
55,constrictive,916,2,44,0,44,98
55,constrictive,916,3,57,0,57,86
55,constrictive,916,4,65,0,65,104
55,constrictive,916,5,0,1,26,26
55,constrictive,916,6,0,1,17,17
55,constrictive,916,7,0,1,49,49
55,constrictive,916,8,45,0,45,56
55,constrictive,916,9,57,0,57,106
55,constrictive,916,10,65,0,65,105
55,constrictive,916,11,0,1,49,49
55,constrictive,916,12,58,0,58,65
55,constrictive,916,13,0,1,39,39
55,constrictive,916,14,57,0,57,66
55,constrictive,916,15,0,1,67,67
55,constrictive,916,16,0,1,59,59
55,constrictive,916,17,0,1,18,18
55,constrictive,916,18,68,0,68,106
55,constrictive,916,19,63,0,63,87
55,constrictive,916,20,59,0,59,107
55,constrictive,916,21,0,1,26,26
55,constrictive,916,22,0,1,55,55
55,constrictive,916,23,0,1,14,14
55,constrictive,916,24,74,0,74,115
55,constrictive,916,25,77,0,77,88
55,constrictive,916,26,0,1,34,34
55,constrictive,916,27,0,1,33,33
55,constrictive,916,28,0,1,73,73
55,constrictive,916,29,74,0,74,86
56,expansive,756,0,56,0,56,72
56,expansive,756,1,0,1,27,27
56,expansive,756,2,36,0,36,98
56,expansive,756,3,43,0,43,86
56,expansive,756,4,20,0,20,104
56,expansive,756,5,0,1,26,26
56,expansive,756,6,0,1,17,17
56,expansive,756,7,42,0,42,49
56,expansive,756,8,0,1,56,56
56,expansive,756,9,46,0,46,106
56,expansive,756,10,40,0,40,105
56,expansive,756,11,0,1,49,49
56,expansive,756,12,41,0,41,65
56,expansive,756,13,0,1,39,39
56,expansive,756,14,55,0,55,66
56,expansive,756,15,37,0,37,67
56,expansive,756,16,0,1,59,59
56,expansive,756,17,0,1,18,18
56,expansive,756,18,45,0,45,106
56,expansive,756,19,53,0,53,87
56,expansive,756,20,47,0,47,107
56,expansive,756,21,0,1,26,26
56,expansive,756,22,0,1,55,55
56,expansive,756,23,0,1,14,14
56,expansive,756,24,53,0,53,115
56,expansive,756,25,46,0,46,88
56,expansive,756,26,0,1,34,34
56,expansive,756,27,0,1,33,33
56,expansive,756,28,46,0,46,73
56,expansive,756,29,50,0,50,86
57,constrictive,939,0,70,0,70,72
57,constrictive,939,1,0,1,27,27
57,constrictive,939,2,73,0,73,98
57,constrictive,939,3,81,0,81,86
57,constrictive,939,4,88,0,88,104
57,constrictive,939,5,0,1,26,26
57,constrictive,939,6,0,1,17,17
57,constrictive,939,7,0,1,49,49
57,constrictive,939,8,0,1,56,56
57,constrictive,939,9,73,0,73,106
57,constrictive,939,10,89,0,89,105
57,constrictive,939,11,0,1,49,49
57,constrictive,939,12,0,1,65,65
57,constrictive,939,13,0,1,39,39
57,constrictive,939,14,26,0,26,66
57,constrictive,939,15,0,1,67,67
57,constrictive,939,16,0,1,59,59
57,constrictive,939,17,0,1,18,18
57,constrictive,939,18,58,0,58,106
57,constrictive,939,19,70,0,70,87
57,constrictive,939,20,74,0,74,107
57,constrictive,939,21,0,1,26,26
57,constrictive,939,22,0,1,55,55
57,constrictive,939,23,0,1,14,14
57,constrictive,939,24,44,0,44,115
57,constrictive,939,25,69,0,69,88
57,constrictive,939,26,0,1,34,34
57,constrictive,939,27,0,1,33,33
57,constrictive,939,28,60,0,60,73
57,constrictive,939,29,64,0,64,86
58,expansive,830,0,44,0,44,72
58,expansive,830,1,0,1,27,27
58,expansive,830,2,79,0,79,98
58,expansive,830,3,0,1,86,86
58,expansive,830,4,67,0,67,104
58,expansive,830,5,0,1,26,26
58,expansive,830,6,0,1,17,17
58,expansive,830,7,0,1,49,49
58,expansive,830,8,36,0,36,56
58,expansive,830,9,74,0,74,106
58,expansive,830,10,87,0,87,105
58,expansive,830,11,0,1,49,49
58,expansive,830,12,0,1,65,65
58,expansive,830,13,0,1,39,39
58,expansive,830,14,26,0,26,66
58,expansive,830,15,0,1,67,67
58,expansive,830,16,46,0,46,59
58,expansive,830,17,0,1,18,18
58,expansive,830,18,62,0,62,106
58,expansive,830,19,59,0,59,87
58,expansive,830,20,64,0,64,107
58,expansive,830,21,0,1,26,26
58,expansive,830,22,0,1,55,55
58,expansive,830,23,0,1,14,14
58,expansive,830,24,58,0,58,115
58,expansive,830,25,61,0,61,88
58,expansive,830,26,0,1,34,34
58,expansive,830,27,20,0,20,33
58,expansive,830,28,0,1,73,73
58,expansive,830,29,47,0,47,86
59,constrictive,763,0,68,0,68,72
59,constrictive,763,1,0,1,27,27
59,constrictive,763,2,60,0,60,98
59,constrictive,763,3,80,0,80,86
59,constrictive,763,4,0,1,104,104
59,constrictive,763,5,0,1,26,26
59,constrictive,763,6,0,1,17,17
59,constrictive,763,7,0,1,49,49
59,constrictive,763,8,46,0,46,56
59,constrictive,763,9,79,0,79,106
59,constrictive,763,10,98,0,98,105
59,constrictive,763,11,0,1,49,49
59,constrictive,763,12,39,0,39,65
59,constrictive,763,13,0,1,39,39
59,constrictive,763,14,55,0,55,66
59,constrictive,763,15,0,1,67,67
59,constrictive,763,16,45,0,45,59
59,constrictive,763,17,0,1,18,18
59,constrictive,763,18,19,0,19,106
59,constrictive,763,19,0,1,87,87
59,constrictive,763,20,57,0,57,107
59,constrictive,763,21,0,1,26,26
59,constrictive,763,22,0,1,55,55
59,constrictive,763,23,0,1,14,14
59,constrictive,763,24,21,0,21,115
59,constrictive,763,25,0,1,88,88
59,constrictive,763,26,0,1,34,34
59,constrictive,763,27,32,0,32,33
59,constrictive,763,28,64,0,64,73
59,constrictive,763,29,0,1,86,86
60,expansive,643,0,19,0,19,72
60,expansive,643,1,0,1,27,27
60,expansive,643,2,12,0,12,98
60,expansive,643,3,20,0,20,86
60,expansive,643,4,24,0,24,104
60,expansive,643,5,0,1,26,26
60,expansive,643,6,0,1,17,17
60,expansive,643,7,12,0,12,49
60,expansive,643,8,14,0,14,56
60,expansive,643,9,18,0,18,106
60,expansive,643,10,30,0,30,105
60,expansive,643,11,34,0,34,49
60,expansive,643,12,31,0,31,65
60,expansive,643,13,34,0,34,39
60,expansive,643,14,32,0,32,66
60,expansive,643,15,57,0,57,67
60,expansive,643,16,0,1,59,59
60,expansive,643,17,0,1,18,18
60,expansive,643,18,29,0,29,106
60,expansive,643,19,34,0,34,87
60,expansive,643,20,40,0,40,107
60,expansive,643,21,0,1,26,26
60,expansive,643,22,34,0,34,55
60,expansive,643,23,0,1,14,14
60,expansive,643,24,34,0,34,115
60,expansive,643,25,48,0,48,88
60,expansive,643,26,0,1,34,34
60,expansive,643,27,0,1,33,33
60,expansive,643,28,39,0,39,73
60,expansive,643,29,48,0,48,86
61,constrictive,771,0,0,1,72,72
61,constrictive,771,1,0,1,27,27
61,constrictive,771,2,38,0,38,98
61,constrictive,771,3,75,0,75,86
61,constrictive,771,4,86,0,86,104
61,constrictive,771,5,0,1,26,26
61,constrictive,771,6,0,1,17,17
61,constrictive,771,7,0,1,49,49
61,constrictive,771,8,0,1,56,56
61,constrictive,771,9,57,0,57,106
61,constrictive,771,10,68,0,68,105
61,constrictive,771,11,0,1,49,49
61,constrictive,771,12,0,1,65,65
61,constrictive,771,13,0,1,39,39
61,constrictive,771,14,20,0,20,66
61,constrictive,771,15,0,1,67,67
61,constrictive,771,16,0,1,59,59
61,constrictive,771,17,0,1,18,18
61,constrictive,771,18,44,0,44,106
61,constrictive,771,19,73,0,73,87
61,constrictive,771,20,89,0,89,107
61,constrictive,771,21,0,1,26,26
61,constrictive,771,22,0,1,55,55
61,constrictive,771,23,0,1,14,14
61,constrictive,771,24,102,0,102,115
61,constrictive,771,25,0,1,88,88
61,constrictive,771,26,0,1,34,34
61,constrictive,771,27,0,1,33,33
61,constrictive,771,28,46,0,46,73
61,constrictive,771,29,73,0,73,86
62,expansive,1019,0,47,0,47,72
62,expansive,1019,1,0,1,27,27
62,expansive,1019,2,31,0,31,98
62,expansive,1019,3,60,0,60,86
62,expansive,1019,4,92,0,92,104
62,expansive,1019,5,0,1,26,26
62,expansive,1019,6,0,1,17,17
62,expansive,1019,7,46,0,46,49
62,expansive,1019,8,0,1,56,56
62,expansive,1019,9,54,0,54,106
62,expansive,1019,10,70,0,70,105
62,expansive,1019,11,0,1,49,49
62,expansive,1019,12,49,0,49,65
62,expansive,1019,13,0,1,39,39
62,expansive,1019,14,0,1,66,66
62,expansive,1019,15,52,0,52,67
62,expansive,1019,16,55,0,55,59
62,expansive,1019,17,0,1,18,18
62,expansive,1019,18,71,0,71,106
62,expansive,1019,19,82,0,82,87
62,expansive,1019,20,74,0,74,107
62,expansive,1019,21,0,1,26,26
62,expansive,1019,22,0,1,55,55
62,expansive,1019,23,0,1,14,14
62,expansive,1019,24,43,0,43,115
62,expansive,1019,25,63,0,63,88
62,expansive,1019,26,0,1,34,34
62,expansive,1019,27,0,1,33,33
62,expansive,1019,28,53,0,53,73
62,expansive,1019,29,77,0,77,86
63,constrictive,666,0,36,0,36,72
63,constrictive,666,1,0,1,27,27
63,constrictive,666,2,14,0,14,98
63,constrictive,666,3,21,0,21,86
63,constrictive,666,4,24,0,24,104
63,constrictive,666,5,0,1,26,26
63,constrictive,666,6,0,1,17,17
63,constrictive,666,7,19,0,19,49
63,constrictive,666,8,24,0,24,56
63,constrictive,666,9,16,0,16,106
63,constrictive,666,10,21,0,21,105
63,constrictive,666,11,26,0,26,49
63,constrictive,666,12,24,0,24,65
63,constrictive,666,13,28,0,28,39
63,constrictive,666,14,41,0,41,66
63,constrictive,666,15,57,0,57,67
63,constrictive,666,16,0,1,59,59
63,constrictive,666,17,0,1,18,18
63,constrictive,666,18,42,0,42,106
63,constrictive,666,19,45,0,45,87
63,constrictive,666,20,50,0,50,107
63,constrictive,666,21,0,1,26,26
63,constrictive,666,22,36,0,36,55
63,constrictive,666,23,0,1,14,14
63,constrictive,666,24,38,0,38,115
63,constrictive,666,25,44,0,44,88
63,constrictive,666,26,0,1,34,34
63,constrictive,666,27,0,1,33,33
63,constrictive,666,28,31,0,31,73
63,constrictive,666,29,29,0,29,86
64,expansive,877,0,46,0,46,72
64,expansive,877,1,0,1,27,27
64,expansive,877,2,30,0,30,98
64,expansive,877,3,48,0,48,86
64,expansive,877,4,57,0,57,104
64,expansive,877,5,0,1,26,26
64,expansive,877,6,0,1,17,17
64,expansive,877,7,39,0,39,49
64,expansive,877,8,52,0,52,56
64,expansive,877,9,58,0,58,106
64,expansive,877,10,52,0,52,105
64,expansive,877,11,0,1,49,49
64,expansive,877,12,39,0,39,65
64,expansive,877,13,0,1,39,39
64,expansive,877,14,52,0,52,66
64,expansive,877,15,50,0,50,67
64,expansive,877,16,0,1,59,59
64,expansive,877,17,0,1,18,18
64,expansive,877,18,44,0,44,106
64,expansive,877,19,46,0,46,87
64,expansive,877,20,58,0,58,107
64,expansive,877,21,0,1,26,26
64,expansive,877,22,40,0,40,55
64,expansive,877,23,0,1,14,14
64,expansive,877,24,44,0,44,115
64,expansive,877,25,52,0,52,88
64,expansive,877,26,0,1,34,34
64,expansive,877,27,0,1,33,33
64,expansive,877,28,30,0,30,73
64,expansive,877,29,40,0,40,86
65,constrictive,748,0,50,0,50,72
65,constrictive,748,1,0,1,27,27
65,constrictive,748,2,21,0,21,98
65,constrictive,748,3,36,0,36,86
65,constrictive,748,4,43,0,43,104
65,constrictive,748,5,0,1,26,26
65,constrictive,748,6,0,1,17,17
65,constrictive,748,7,9,0,9,49
65,constrictive,748,8,27,0,27,56
65,constrictive,748,9,31,0,31,106
65,constrictive,748,10,40,0,40,105
65,constrictive,748,11,39,0,39,49
65,constrictive,748,12,41,0,41,65
65,constrictive,748,13,0,1,39,39
65,constrictive,748,14,29,0,29,66
65,constrictive,748,15,41,0,41,67
65,constrictive,748,16,38,0,38,59
65,constrictive,748,17,0,1,18,18
65,constrictive,748,18,30,0,30,106
65,constrictive,748,19,43,0,43,87
65,constrictive,748,20,40,0,40,107
65,constrictive,748,21,0,1,26,26
65,constrictive,748,22,29,0,29,55
65,constrictive,748,23,0,1,14,14
65,constrictive,748,24,34,0,34,115
65,constrictive,748,25,39,0,39,88
65,constrictive,748,26,0,1,34,34
65,constrictive,748,27,0,1,33,33
65,constrictive,748,28,36,0,36,73
65,constrictive,748,29,52,0,52,86
66,constrictive,761,0,21,0,21,72
66,constrictive,761,1,20,0,20,27
66,constrictive,761,2,46,0,46,98
66,constrictive,761,3,0,1,86,86
66,constrictive,761,4,52,0,52,104
66,constrictive,761,5,0,1,26,26
66,constrictive,761,6,0,1,17,17
66,constrictive,761,7,39,0,39,49
66,constrictive,761,8,0,1,56,56
66,constrictive,761,9,37,0,37,106
66,constrictive,761,10,36,0,36,105
66,constrictive,761,11,44,0,44,49
66,constrictive,761,12,56,0,56,65
66,constrictive,761,13,0,1,39,39
66,constrictive,761,14,51,0,51,66
66,constrictive,761,15,64,0,64,67
66,constrictive,761,16,0,1,59,59
66,constrictive,761,17,0,1,18,18
66,constrictive,761,18,51,0,51,106
66,constrictive,761,19,56,0,56,87
66,constrictive,761,20,34,0,34,107
66,constrictive,761,21,0,1,26,26
66,constrictive,761,22,0,1,55,55
66,constrictive,761,23,0,1,14,14
66,constrictive,761,24,35,0,35,115
66,constrictive,761,25,52,0,52,88
66,constrictive,761,26,0,1,34,34
66,constrictive,761,27,0,1,33,33
66,constrictive,761,28,0,1,73,73
66,constrictive,761,29,67,0,67,86
67,expansive,648,0,28,0,28,72
67,expansive,648,1,0,1,27,27
67,expansive,648,2,20,0,20,98
67,expansive,648,3,25,0,25,86
67,expansive,648,4,36,0,36,104
67,expansive,648,5,0,1,26,26
67,expansive,648,6,0,1,17,17
67,expansive,648,7,20,0,20,49
67,expansive,648,8,23,0,23,56
67,expansive,648,9,24,0,24,106
67,expansive,648,10,25,0,25,105
67,expansive,648,11,26,0,26,49
67,expansive,648,12,27,0,27,65
67,expansive,648,13,24,0,24,39
67,expansive,648,14,24,0,24,66
67,expansive,648,15,25,0,25,67
67,expansive,648,16,40,0,40,59
67,expansive,648,17,0,1,18,18
67,expansive,648,18,27,0,27,106
67,expansive,648,19,26,0,26,87
67,expansive,648,20,33,0,33,107
67,expansive,648,21,0,1,26,26
67,expansive,648,22,27,0,27,55
67,expansive,648,23,0,1,14,14
67,expansive,648,24,22,0,22,115
67,expansive,648,25,24,0,24,88
67,expansive,648,26,32,0,32,34
67,expansive,648,27,27,0,27,33
67,expansive,648,28,33,0,33,73
67,expansive,648,29,30,0,30,86
68,constrictive,896,0,47,0,47,72
68,constrictive,896,1,0,1,27,27
68,constrictive,896,2,52,0,52,98
68,constrictive,896,3,67,0,67,86
68,constrictive,896,4,69,0,69,104
68,constrictive,896,5,0,1,26,26
68,constrictive,896,6,0,1,17,17
68,constrictive,896,7,0,1,49,49
68,constrictive,896,8,26,0,26,56
68,constrictive,896,9,43,0,43,106
68,constrictive,896,10,46,0,46,105
68,constrictive,896,11,0,1,49,49
68,constrictive,896,12,48,0,48,65
68,constrictive,896,13,0,1,39,39
68,constrictive,896,14,46,0,46,66
68,constrictive,896,15,50,0,50,67
68,constrictive,896,16,44,0,44,59
68,constrictive,896,17,0,1,18,18
68,constrictive,896,18,57,0,57,106
68,constrictive,896,19,81,0,81,87
68,constrictive,896,20,67,0,67,107
68,constrictive,896,21,0,1,26,26
68,constrictive,896,22,0,1,55,55
68,constrictive,896,23,0,1,14,14
68,constrictive,896,24,29,0,29,115
68,constrictive,896,25,37,0,37,88
68,constrictive,896,26,0,1,34,34
68,constrictive,896,27,0,1,33,33
68,constrictive,896,28,32,0,32,73
68,constrictive,896,29,55,0,55,86
69,expansive,679,0,13,0,13,72
69,expansive,679,1,0,1,27,27
69,expansive,679,2,18,0,18,98
69,expansive,679,3,22,0,22,86
69,expansive,679,4,22,0,22,104
69,expansive,679,5,0,1,26,26
69,expansive,679,6,0,1,17,17
69,expansive,679,7,16,0,16,49
69,expansive,679,8,23,0,23,56
69,expansive,679,9,19,0,19,106
69,expansive,679,10,25,0,25,105
69,expansive,679,11,26,0,26,49
69,expansive,679,12,29,0,29,65
69,expansive,679,13,35,0,35,39
69,expansive,679,14,33,0,33,66
69,expansive,679,15,38,0,38,67
69,expansive,679,16,37,0,37,59
69,expansive,679,17,0,1,18,18
69,expansive,679,18,33,0,33,106
69,expansive,679,19,37,0,37,87
69,expansive,679,20,39,0,39,107
69,expansive,679,21,0,1,26,26
69,expansive,679,22,27,0,27,55
69,expansive,679,23,0,1,14,14
69,expansive,679,24,32,0,32,115
69,expansive,679,25,34,0,34,88
69,expansive,679,26,27,0,27,34
69,expansive,679,27,31,0,31,33
69,expansive,679,28,29,0,29,73
69,expansive,679,29,34,0,34,86
70,constrictive,761,0,30,0,30,72
70,constrictive,761,1,0,1,27,27
70,constrictive,761,2,19,0,19,98
70,constrictive,761,3,19,0,19,86
70,constrictive,761,4,25,0,25,104
70,constrictive,761,5,20,0,20,26
70,constrictive,761,6,0,1,17,17
70,constrictive,761,7,17,0,17,49
70,constrictive,761,8,25,0,25,56
70,constrictive,761,9,21,0,21,106
70,constrictive,761,10,26,0,26,105
70,constrictive,761,11,30,0,30,49
70,constrictive,761,12,27,0,27,65
70,constrictive,761,13,36,0,36,39
70,constrictive,761,14,26,0,26,66
70,constrictive,761,15,32,0,32,67
70,constrictive,761,16,22,0,22,59
70,constrictive,761,17,0,1,18,18
70,constrictive,761,18,82,0,82,106
70,constrictive,761,19,38,0,38,87
70,constrictive,761,20,60,0,60,107
70,constrictive,761,21,0,1,26,26
70,constrictive,761,22,0,1,55,55
70,constrictive,761,23,0,1,14,14
70,constrictive,761,24,43,0,43,115
70,constrictive,761,25,66,0,66,88
70,constrictive,761,26,31,0,31,34
70,constrictive,761,27,0,1,33,33
70,constrictive,761,28,0,1,73,73
70,constrictive,761,29,66,0,66,86
71,expansive,520,0,10,0,10,72
71,expansive,520,1,8,0,8,27
71,expansive,520,2,12,0,12,98
71,expansive,520,3,15,0,15,86
71,expansive,520,4,13,0,13,104
71,expansive,520,5,14,0,14,26
71,expansive,520,6,0,1,17,17
71,expansive,520,7,13,0,13,49
71,expansive,520,8,15,0,15,56
71,expansive,520,9,20,0,20,106
71,expansive,520,10,15,0,15,105
71,expansive,520,11,19,0,19,49
71,expansive,520,12,23,0,23,65
71,expansive,520,13,26,0,26,39
71,expansive,520,14,27,0,27,66
71,expansive,520,15,23,0,23,67
71,expansive,520,16,26,0,26,59
71,expansive,520,17,0,1,18,18
71,expansive,520,18,17,0,17,106
71,expansive,520,19,22,0,22,87
71,expansive,520,20,31,0,31,107
71,expansive,520,21,0,1,26,26
71,expansive,520,22,24,0,24,55
71,expansive,520,23,0,1,14,14
71,expansive,520,24,17,0,17,115
71,expansive,520,25,20,0,20,88
71,expansive,520,26,25,0,25,34
71,expansive,520,27,25,0,25,33
71,expansive,520,28,20,0,20,73
71,expansive,520,29,40,0,40,86
72,constrictive,506,0,17,0,17,72
72,constrictive,506,1,10,0,10,27
72,constrictive,506,2,20,0,20,98
72,constrictive,506,3,9,0,9,86
72,constrictive,506,4,14,0,14,104
72,constrictive,506,5,10,0,10,26
72,constrictive,506,6,9,0,9,17
72,constrictive,506,7,12,0,12,49
72,constrictive,506,8,14,0,14,56
72,constrictive,506,9,21,0,21,106
72,constrictive,506,10,17,0,17,105
72,constrictive,506,11,16,0,16,49
72,constrictive,506,12,17,0,17,65
72,constrictive,506,13,28,0,28,39
72,constrictive,506,14,26,0,26,66
72,constrictive,506,15,27,0,27,67
72,constrictive,506,16,32,0,32,59
72,constrictive,506,17,0,1,18,18
72,constrictive,506,18,17,0,17,106
72,constrictive,506,19,20,0,20,87
72,constrictive,506,20,29,0,29,107
72,constrictive,506,21,0,1,26,26
72,constrictive,506,22,23,0,23,55
72,constrictive,506,23,0,1,14,14
72,constrictive,506,24,21,0,21,115
72,constrictive,506,25,18,0,18,88
72,constrictive,506,26,19,0,19,34
72,constrictive,506,27,19,0,19,33
72,constrictive,506,28,21,0,21,73
72,constrictive,506,29,20,0,20,86
73,expansive,822,0,55,0,55,72
73,expansive,822,1,0,1,27,27
73,expansive,822,2,48,0,48,98
73,expansive,822,3,0,1,86,86
73,expansive,822,4,77,0,77,104
73,expansive,822,5,0,1,26,26
73,expansive,822,6,0,1,17,17
73,expansive,822,7,0,1,49,49
73,expansive,822,8,26,0,26,56
73,expansive,822,9,77,0,77,106
73,expansive,822,10,85,0,85,105
73,expansive,822,11,0,1,49,49
73,expansive,822,12,62,0,62,65
73,expansive,822,13,0,1,39,39
73,expansive,822,14,0,1,66,66
73,expansive,822,15,38,0,38,67
73,expansive,822,16,0,1,59,59
73,expansive,822,17,0,1,18,18
73,expansive,822,18,45,0,45,106
73,expansive,822,19,43,0,43,87
73,expansive,822,20,56,0,56,107
73,expansive,822,21,0,1,26,26
73,expansive,822,22,0,1,55,55
73,expansive,822,23,0,1,14,14
73,expansive,822,24,49,0,49,115
73,expansive,822,25,61,0,61,88
73,expansive,822,26,0,1,34,34
73,expansive,822,27,0,1,33,33
73,expansive,822,28,42,0,42,73
73,expansive,822,29,58,0,58,86
74,constrictive,781,0,39,0,39,72
74,constrictive,781,1,0,1,27,27
74,constrictive,781,2,16,0,16,98
74,constrictive,781,3,20,0,20,86
74,constrictive,781,4,16,0,16,104
74,constrictive,781,5,20,0,20,26
74,constrictive,781,6,0,1,17,17
74,constrictive,781,7,15,0,15,49
74,constrictive,781,8,17,0,17,56
74,constrictive,781,9,20,0,20,106
74,constrictive,781,10,14,0,14,105
74,constrictive,781,11,43,0,43,49
74,constrictive,781,12,51,0,51,65
74,constrictive,781,13,0,1,39,39
74,constrictive,781,14,46,0,46,66
74,constrictive,781,15,40,0,40,67
74,constrictive,781,16,53,0,53,59
74,constrictive,781,17,0,1,18,18
74,constrictive,781,18,67,0,67,106
74,constrictive,781,19,59,0,59,87
74,constrictive,781,20,77,0,77,107
74,constrictive,781,21,0,1,26,26
74,constrictive,781,22,0,1,55,55
74,constrictive,781,23,0,1,14,14
74,constrictive,781,24,41,0,41,115
74,constrictive,781,25,57,0,57,88
74,constrictive,781,26,0,1,34,34
74,constrictive,781,27,0,1,33,33
74,constrictive,781,28,0,1,73,73
74,constrictive,781,29,70,0,70,86
75,expansive,1015,0,62,0,62,72
75,expansive,1015,1,0,1,27,27
75,expansive,1015,2,57,0,57,98
75,expansive,1015,3,62,0,62,86
75,expansive,1015,4,72,0,72,104
75,expansive,1015,5,0,1,26,26
75,expansive,1015,6,0,1,17,17
75,expansive,1015,7,0,1,49,49
75,expansive,1015,8,54,0,54,56
75,expansive,1015,9,63,0,63,106
75,expansive,1015,10,81,0,81,105
75,expansive,1015,11,0,1,49,49
75,expansive,1015,12,0,1,65,65
75,expansive,1015,13,0,1,39,39
75,expansive,1015,14,63,0,63,66
75,expansive,1015,15,0,1,67,67
75,expansive,1015,16,0,1,59,59
75,expansive,1015,17,0,1,18,18
75,expansive,1015,18,63,0,63,106
75,expansive,1015,19,75,0,75,87
75,expansive,1015,20,86,0,86,107
75,expansive,1015,21,0,1,26,26
75,expansive,1015,22,0,1,55,55
75,expansive,1015,23,0,1,14,14
75,expansive,1015,24,64,0,64,115
75,expansive,1015,25,73,0,73,88
75,expansive,1015,26,0,1,34,34
75,expansive,1015,27,0,1,33,33
75,expansive,1015,28,66,0,66,73
75,expansive,1015,29,74,0,74,86
76,constrictive,868,0,35,0,35,72
76,constrictive,868,1,0,1,27,27
76,constrictive,868,2,36,0,36,98
76,constrictive,868,3,44,0,44,86
76,constrictive,868,4,35,0,35,104
76,constrictive,868,5,0,1,26,26
76,constrictive,868,6,0,1,17,17
76,constrictive,868,7,31,0,31,49
76,constrictive,868,8,35,0,35,56
76,constrictive,868,9,44,0,44,106
76,constrictive,868,10,50,0,50,105
76,constrictive,868,11,0,1,49,49
76,constrictive,868,12,41,0,41,65
76,constrictive,868,13,38,0,38,39
76,constrictive,868,14,40,0,40,66
76,constrictive,868,15,43,0,43,67
76,constrictive,868,16,48,0,48,59
76,constrictive,868,17,0,1,18,18
76,constrictive,868,18,35,0,35,106
76,constrictive,868,19,48,0,48,87
76,constrictive,868,20,50,0,50,107
76,constrictive,868,21,0,1,26,26
76,constrictive,868,22,41,0,41,55
76,constrictive,868,23,0,1,14,14
76,constrictive,868,24,42,0,42,115
76,constrictive,868,25,46,0,46,88
76,constrictive,868,26,0,1,34,34
76,constrictive,868,27,0,1,33,33
76,constrictive,868,28,31,0,31,73
76,constrictive,868,29,55,0,55,86
77,expansive,869,0,49,0,49,72
77,expansive,869,1,0,1,27,27
77,expansive,869,2,32,0,32,98
77,expansive,869,3,40,0,40,86
77,expansive,869,4,40,0,40,104
77,expansive,869,5,0,1,26,26
77,expansive,869,6,0,1,17,17
77,expansive,869,7,25,0,25,49
77,expansive,869,8,47,0,47,56
77,expansive,869,9,38,0,38,106
77,expansive,869,10,54,0,54,105
77,expansive,869,11,0,1,49,49
77,expansive,869,12,45,0,45,65
77,expansive,869,13,0,1,39,39
77,expansive,869,14,46,0,46,66
77,expansive,869,15,48,0,48,67
77,expansive,869,16,48,0,48,59
77,expansive,869,17,0,1,18,18
77,expansive,869,18,43,0,43,106
77,expansive,869,19,39,0,39,87
77,expansive,869,20,47,0,47,107
77,expansive,869,21,0,1,26,26
77,expansive,869,22,38,0,38,55
77,expansive,869,23,0,1,14,14
77,expansive,869,24,51,0,51,115
77,expansive,869,25,53,0,53,88
77,expansive,869,26,0,1,34,34
77,expansive,869,27,0,1,33,33
77,expansive,869,28,42,0,42,73
77,expansive,869,29,44,0,44,86
78,constrictive,659,0,30,0,30,72
78,constrictive,659,1,0,1,27,27
78,constrictive,659,2,18,0,18,98
78,constrictive,659,3,20,0,20,86
78,constrictive,659,4,20,0,20,104
78,constrictive,659,5,21,0,21,26
78,constrictive,659,6,0,1,17,17
78,constrictive,659,7,22,0,22,49
78,constrictive,659,8,21,0,21,56
78,constrictive,659,9,22,0,22,106
78,constrictive,659,10,23,0,23,105
78,constrictive,659,11,24,0,24,49
78,constrictive,659,12,25,0,25,65
78,constrictive,659,13,29,0,29,39
78,constrictive,659,14,25,0,25,66
78,constrictive,659,15,30,0,30,67
78,constrictive,659,16,30,0,30,59
78,constrictive,659,17,0,1,18,18
78,constrictive,659,18,28,0,28,106
78,constrictive,659,19,30,0,30,87
78,constrictive,659,20,26,0,26,107
78,constrictive,659,21,0,1,26,26
78,constrictive,659,22,25,0,25,55
78,constrictive,659,23,0,1,14,14
78,constrictive,659,24,26,0,26,115
78,constrictive,659,25,30,0,30,88
78,constrictive,659,26,30,0,30,34
78,constrictive,659,27,31,0,31,33
78,constrictive,659,28,31,0,31,73
78,constrictive,659,29,42,0,42,86
79,expansive,575,0,20,0,20,72
79,expansive,575,1,0,1,27,27
79,expansive,575,2,17,0,17,98
79,expansive,575,3,27,0,27,86
79,expansive,575,4,18,0,18,104
79,expansive,575,5,0,1,26,26
79,expansive,575,6,0,1,17,17
79,expansive,575,7,5,0,5,49
79,expansive,575,8,11,0,11,56
79,expansive,575,9,22,0,22,106
79,expansive,575,10,18,0,18,105
79,expansive,575,11,25,0,25,49
79,expansive,575,12,29,0,29,65
79,expansive,575,13,24,0,24,39
79,expansive,575,14,28,0,28,66
79,expansive,575,15,4,0,4,67
79,expansive,575,16,32,0,32,59
79,expansive,575,17,0,1,18,18
79,expansive,575,18,29,0,29,106
79,expansive,575,19,30,0,30,87
79,expansive,575,20,68,0,68,107
79,expansive,575,21,0,1,26,26
79,expansive,575,22,42,0,42,55
79,expansive,575,23,0,1,14,14
79,expansive,575,24,41,0,41,115
79,expansive,575,25,13,0,13,88
79,expansive,575,26,0,1,34,34
79,expansive,575,27,0,1,33,33
79,expansive,575,28,26,0,26,73
79,expansive,575,29,46,0,46,86
80,constrictive,849,0,57,0,57,72
80,constrictive,849,1,0,1,27,27
80,constrictive,849,2,30,0,30,98
80,constrictive,849,3,37,0,37,86
80,constrictive,849,4,46,0,46,104
80,constrictive,849,5,0,1,26,26
80,constrictive,849,6,0,1,17,17
80,constrictive,849,7,29,0,29,49
80,constrictive,849,8,38,0,38,56
80,constrictive,849,9,35,0,35,106
80,constrictive,849,10,35,0,35,105
80,constrictive,849,11,35,0,35,49
80,constrictive,849,12,39,0,39,65
80,constrictive,849,13,0,1,39,39
80,constrictive,849,14,42,0,42,66
80,constrictive,849,15,45,0,45,67
80,constrictive,849,16,44,0,44,59
80,constrictive,849,17,0,1,18,18
80,constrictive,849,18,41,0,41,106
80,constrictive,849,19,44,0,44,87
80,constrictive,849,20,44,0,44,107
80,constrictive,849,21,0,1,26,26
80,constrictive,849,22,39,0,39,55
80,constrictive,849,23,0,1,14,14
80,constrictive,849,24,32,0,32,115
80,constrictive,849,25,41,0,41,88
80,constrictive,849,26,0,1,34,34
80,constrictive,849,27,31,0,31,33
80,constrictive,849,28,34,0,34,73
80,constrictive,849,29,31,0,31,86